entertainment_id,name,genre,rating,review_count,city,region,country,best_comment,source,source_id,source_url,data_period,snapshot_date,retrieved_at,is_live
entertainment_00000,المسرح الروماني | Roman Theater,Performing arts theater,4.1,151,Al Uqayr,,Saudi Arabia,,entertainment_kaggle,,,static,,2026-09-13T08:48:56.913228+00:00,False
entertainment_00001,Maraya,Concert hall,4.6,1100,Al Atheeb,,Saudi Arabia,"""Also the theater is another level of perfection.""",entertainment_kaggle,,,static,,2026-09-13T08:48:56.913228+00:00,False
entertainment_00002,Muvi Cinemas - Jubail Mall,Movie theater,4.3,871,Jubail,Eastern Province,Saudi Arabia,,entertainment_kaggle,,,static,,2026-09-13T08:48:56.913228+00:00,False
entertainment_00003,vox cinemas,Movie theater,4.2,3500,Riyadh,Riyadh,Saudi Arabia,"""Sound system and atmosphere very good.""",entertainment_kaggle,,,static,,2026-09-13T08:48:56.913228+00:00,False
entertainment_00004,AMC Cinemas Azizia 3,Movie theater,4.3,604,Riyadh,Riyadh,Saudi Arabia,,entertainment_kaggle,,,static,,2026-09-13T08:48:56.913228+00:00,False
entertainment_00005,Muvi Cinemas | موڤي سينما,Movie theater,3.8,389,Dhahran,Eastern Province,Saudi Arabia,,entertainment_kaggle,,,static,,2026-09-13T08:48:56.913228+00:00,False
entertainment_00006,VOX Cinemas - Kingdom Centre,Movie theater,4.3,1400,Riyadh,Riyadh,Saudi Arabia,"""Comfy chairs, and nice place for couples""",entertainment_kaggle,,,static,,2026-09-13T08:48:56.913228+00:00,False
entertainment_00007,AMC Cinemas Al Khair 9,Movie theater,4.3,1600,Riyadh,Riyadh,Saudi Arabia,,entertainment_kaggle,,,static,,2026-09-13T08:48:56.913228+00:00,False
entertainment_00008,Empire Cinemas Khobar,Movie theater,3.9,1300,Al Khobar,Eastern Province,Saudi Arabia,"""Lovely place and staff, prices are reasonable, screens chairs are wonderful 👌🏻""",entertainment_kaggle,,,static,,2026-09-13T08:48:56.913228+00:00,False
entertainment_00009,Dhahran Movie Theatre,Movie theater,3.5,210,Dhahran,Eastern Province,Saudi Arabia,"""Its a small cinema and staff is not a happy bunch""",entertainment_kaggle,,,static,,2026-09-13T08:48:56.913228+00:00,False
entertainment_00010,Saudi Aramco Abqaiq Community theater,Movie theater,3.9,13,Buqayq,,Saudi Arabia,,entertainment_kaggle,,,static,,2026-09-13T08:48:56.913228+00:00,False
entertainment_00011,Vox Cinema - Riyadh Front,Movie theater,4.3,5800,Riyadh,Riyadh,Saudi Arabia,,entertainment_kaggle,,,static,,2026-09-13T08:48:56.913228+00:00,False
entertainment_00012,AMC Cinemas Riyadh Gallery 9,Movie theater,4.2,1500,Riyadh,Riyadh,Saudi Arabia,"""Fancy chairs ,nice screens and snacks""",entertainment_kaggle,,,static,,2026-09-13T08:48:56.913228+00:00,False
entertainment_00013,vox cinema,Movie theater,4.2,724,Riyadh,Riyadh,Saudi Arabia,,entertainment_kaggle,,,static,,2026-09-13T08:48:56.913228+00:00,False
entertainment_00014,Kmax Cinema,Movie theater,4.1,130,King Abdullah Economic City,Makkah,Saudi Arabia,,entertainment_kaggle,,,static,,2026-09-13T08:48:56.913228+00:00,False
entertainment_00015,AMC - Hafr Al Batin 8,Movie theater,4.2,23,Sh,,Saudi Arabia,,entertainment_kaggle,,,static,,2026-09-13T08:48:56.913228+00:00,False
entertainment_00016,Muvi Boutique Cinema,Movie theater,4.4,376,Riyadh,Riyadh,Saudi Arabia,,entertainment_kaggle,,,static,,2026-09-13T08:48:56.913228+00:00,False
entertainment_00017,Empire Cinemas - Head Office,Movie theater,4.0,36,Riyadh,Riyadh,Saudi Arabia,,entertainment_kaggle,,,static,,2026-09-13T08:48:56.913228+00:00,False
entertainment_00018,AMC Cinemas KAFD,Movie theater,3.9,5300,Riyadh,Riyadh,Saudi Arabia,"""Spacious and nice theater""",entertainment_kaggle,,,static,,2026-09-13T08:48:56.913228+00:00,False
entertainment_00019,Cinépolis Cinemas - Lulu Mall,Movie theater,4.0,1300,Dammam,Eastern Province,Saudi Arabia,Upscale digital movie theater,entertainment_kaggle,,,static,,2026-09-13T08:48:56.913228+00:00,False
entertainment_00020,Vox Cinema - Riyadh Front,Movie theater,4.3,5800,Riyadh,Riyadh,Saudi Arabia,,entertainment_kaggle,,,static,,2026-09-13T08:48:56.913228+00:00,False
entertainment_00021,AMC Cinemas Riyadh Gallery 9,Movie theater,4.2,1500,Riyadh,Riyadh,Saudi Arabia,"""Fancy chairs ,nice screens and snacks""",entertainment_kaggle,,,static,,2026-09-13T08:48:56.913228+00:00,False
entertainment_00022,vox cinema,Movie theater,4.2,724,Riyadh,Riyadh,Saudi Arabia,,entertainment_kaggle,,,static,,2026-09-13T08:48:56.913228+00:00,False
entertainment_00023,Kmax Cinema,Movie theater,4.1,130,King Abdullah Economic City,Makkah,Saudi Arabia,,entertainment_kaggle,,,static,,2026-09-13T08:48:56.913228+00:00,False
entertainment_00024,AMC - Hafr Al Batin 8,Movie theater,4.2,23,Sh,,Saudi Arabia,,entertainment_kaggle,,,static,,2026-09-13T08:48:56.913228+00:00,False
entertainment_00025,Muvi Boutique Cinema,Movie theater,4.4,376,Riyadh,Riyadh,Saudi Arabia,,entertainment_kaggle,,,static,,2026-09-13T08:48:56.913228+00:00,False
entertainment_00026,Empire Cinemas - Head Office,Movie theater,4.0,36,Riyadh,Riyadh,Saudi Arabia,,entertainment_kaggle,,,static,,2026-09-13T08:48:56.913228+00:00,False
entertainment_00027,Cinépolis Cinemas - Al Jamea Plaza,Movie theater,4.2,1800,Jeddah,Makkah,Saudi Arabia,,entertainment_kaggle,,,static,,2026-09-13T08:48:56.913228+00:00,False
entertainment_00028,Muvi Cinemas | موڤي سينما,Movie theater,4.2,1900,Riyadh,Riyadh,Saudi Arabia,"""But small theater""",entertainment_kaggle,,,static,,2026-09-13T08:48:56.913228+00:00,False
entertainment_00029,Muvi Cinemas | موڤي سينما,Movie theater,4.3,2800,Riyadh,Riyadh,Saudi Arabia,,entertainment_kaggle,,,static,,2026-09-13T08:48:56.913228+00:00,False
entertainment_00030,ڤوكس سينما ذا روف,Movie theater,4.3,3600,Riyadh,Riyadh,Saudi Arabia,,entertainment_kaggle,,,static,,2026-09-13T08:48:56.913228+00:00,False
entertainment_00031,AMC Cinemas Karam 5,Movie theater,4.1,359,Al Majma'Ah,,Saudi Arabia,,entertainment_kaggle,,,static,,2026-09-13T08:48:56.913228+00:00,False
entertainment_00032,VOX Cinemas,Movie theater,4.4,2800,Jeddah,Makkah,Saudi Arabia,"""Wide and clean space.""",entertainment_kaggle,,,static,,2026-09-13T08:48:56.913228+00:00,False
entertainment_00033,Vox Cinema - Riyadh Park Mall,Movie theater,4.1,7400,Riyadh,Riyadh,Saudi Arabia,,entertainment_kaggle,,,static,,2026-09-13T08:48:56.913228+00:00,False
entertainment_00034,Ithra Theatre,Childrens theater,4.7,489,Dhahran,Eastern Province,Saudi Arabia,,entertainment_kaggle,,,static,,2026-09-13T08:48:56.913228+00:00,False
entertainment_00035,Empire Cinemas Jeddah,Movie theater,4.1,1300,Jeddah,Makkah,Saudi Arabia,,entertainment_kaggle,,,static,,2026-09-13T08:48:56.913228+00:00,False
entertainment_00036,VOX Cinemas,Movie theater,4.2,1900,Riyadh,Riyadh,Saudi Arabia,"""Small theater with good service.""",entertainment_kaggle,,,static,,2026-09-13T08:48:56.913228+00:00,False
entertainment_00037,Empire Cinemas Khobar,Movie theater,3.9,1300,Al Khobar,Eastern Province,Saudi Arabia,"""Lovely place and staff, prices are reasonable, screens chairs are wonderful 👌🏻""",entertainment_kaggle,,,static,,2026-09-13T08:48:56.913228+00:00,False
entertainment_00038,Muvi Cinemas | موڤي سينما,Movie theater,4.3,2800,Riyadh,Riyadh,Saudi Arabia,,entertainment_kaggle,,,static,,2026-09-13T08:48:56.913228+00:00,False
entertainment_00039,ڤوكس سينما ذا روف,Movie theater,4.3,3600,Riyadh,Riyadh,Saudi Arabia,,entertainment_kaggle,,,static,,2026-09-13T08:48:56.913228+00:00,False
entertainment_00040,AMC Cinemas Karam 5,Movie theater,4.1,359,Al Majma'Ah,,Saudi Arabia,,entertainment_kaggle,,,static,,2026-09-13T08:48:56.913228+00:00,False
entertainment_00041,VOX Cinemas,Movie theater,4.4,2800,Jeddah,Makkah,Saudi Arabia,"""Wide and clean space.""",entertainment_kaggle,,,static,,2026-09-13T08:48:56.913228+00:00,False
entertainment_00042,Vox Cinema - Riyadh Park Mall,Movie theater,4.1,7400,Riyadh,Riyadh,Saudi Arabia,,entertainment_kaggle,,,static,,2026-09-13T08:48:56.913228+00:00,False
entertainment_00043,Ithra Theatre,Childrens theater,4.7,489,Dhahran,Eastern Province,Saudi Arabia,,entertainment_kaggle,,,static,,2026-09-13T08:48:56.913228+00:00,False
entertainment_00044,Empire Cinemas Jeddah,Movie theater,4.1,1300,Jeddah,Makkah,Saudi Arabia,,entertainment_kaggle,,,static,,2026-09-13T08:48:56.913228+00:00,False
entertainment_00045,VOX Cinemas,Movie theater,4.2,1900,Riyadh,Riyadh,Saudi Arabia,"""Small theater with good service.""",entertainment_kaggle,,,static,,2026-09-13T08:48:56.913228+00:00,False
entertainment_00046,Najmah Theater,Movie theater,4.0,81,Ras Tanura,,Saudi Arabia,,entertainment_kaggle,,,static,,2026-09-13T08:48:56.913228+00:00,False
entertainment_00047,AMC Cinemas Tabuk Boulevard,Movie theater,4.3,55,Tabuk,Tabuk,Saudi Arabia,,entertainment_kaggle,,,static,,2026-09-13T08:48:56.913228+00:00,False
entertainment_00048,AMC Cinemas Panorama 10,Movie theater,4.3,1900,Riyadh,Riyadh,Saudi Arabia,,entertainment_kaggle,,,static,,2026-09-13T08:48:56.913228+00:00,False
entertainment_00049,Muvi Cinemas | موڤي سينما,Movie theater,4.3,1900,Al Ahsa,Eastern Province,Saudi Arabia,"""Very good place, great experience""",entertainment_kaggle,,,static,,2026-09-13T08:48:56.913228+00:00,False
entertainment_00050,Muvi Cinemas | موڤي سينما,Movie theater,4.1,2700,Dammam,Eastern Province,Saudi Arabia,,entertainment_kaggle,,,static,,2026-09-13T08:48:56.913228+00:00,False
entertainment_00051,AMC cinemas,Movie theater,4.2,268,Hafar Al Batin,Eastern Province,Saudi Arabia,,entertainment_kaggle,,,static,,2026-09-13T08:48:56.913228+00:00,False
entertainment_00052,Muvi Cinemas | موڤي سينما,Movie theater,4.4,449,Riyadh,Riyadh,Saudi Arabia,,entertainment_kaggle,,,static,,2026-09-13T08:48:56.913228+00:00,False
entertainment_00053,AMC Dawadmi 3,Movie theater,3.9,82,Al Duwadimi,,Saudi Arabia,,entertainment_kaggle,,,static,,2026-09-13T08:48:56.913228+00:00,False
entertainment_00054,ڤوكس سينما ذا سبوت,Movie theater,4.2,724,Riyadh,Riyadh,Saudi Arabia,,entertainment_kaggle,,,static,,2026-09-13T08:48:56.913228+00:00,False
entertainment_00055,Cinépolis Cinemas - Al Jamea Plaza,Movie theater,4.2,1800,Jeddah,Makkah,Saudi Arabia,,entertainment_kaggle,,,static,,2026-09-13T08:48:56.913228+00:00,False
entertainment_00056,Muvi Cinemas | موڤي سينما,Movie theater,4.2,1900,Riyadh,Riyadh,Saudi Arabia,"""But small theater""",entertainment_kaggle,,,static,,2026-09-13T08:48:56.913228+00:00,False
entertainment_00057,Muvi Cinemas | موڤي سينما,Movie theater,4.3,2800,Riyadh,Riyadh,Saudi Arabia,,entertainment_kaggle,,,static,,2026-09-13T08:48:56.913228+00:00,False
entertainment_00058,Muvi Cinemas | موڤي سينما,Movie theater,4.3,1900,Al Ahsa,Eastern Province,Saudi Arabia,"""Very good place, great experience""",entertainment_kaggle,,,static,,2026-09-13T08:48:56.913228+00:00,False
entertainment_00059,Muvi Cinemas | موڤي سينما,Movie theater,4.1,2700,Dammam,Eastern Province,Saudi Arabia,,entertainment_kaggle,,,static,,2026-09-13T08:48:56.913228+00:00,False
entertainment_00060,AMC cinemas,Movie theater,4.2,268,Hafar Al Batin,Eastern Province,Saudi Arabia,,entertainment_kaggle,,,static,,2026-09-13T08:48:56.913228+00:00,False
entertainment_00061,Muvi Cinemas | موڤي سينما,Movie theater,4.4,449,Riyadh,Riyadh,Saudi Arabia,,entertainment_kaggle,,,static,,2026-09-13T08:48:56.913228+00:00,False
entertainment_00062,AMC Dawadmi 3,Movie theater,3.9,82,Al Duwadimi,,Saudi Arabia,,entertainment_kaggle,,,static,,2026-09-13T08:48:56.913228+00:00,False
entertainment_00063,ڤوكس سينما ذا سبوت,Movie theater,4.2,724,Riyadh,Riyadh,Saudi Arabia,,entertainment_kaggle,,,static,,2026-09-13T08:48:56.913228+00:00,False
entertainment_00064,Muvi Cinemas | موڤي سينما,Movie theater,4.0,1300,Taif,Makkah,Saudi Arabia,,entertainment_kaggle,,,static,,2026-09-13T08:48:56.913228+00:00,False
entertainment_00065,Muvi Cinemas,Movie theater,3.9,108,Jeddah,Makkah,Saudi Arabia,,entertainment_kaggle,,,static,,2026-09-13T08:48:56.913228+00:00,False
entertainment_00066,Cinépolis Cinemas سينما سينيبولس,Movie theater,4.0,86,Jazan,Jazan,Saudi Arabia,,entertainment_kaggle,,,static,,2026-09-13T08:48:56.913228+00:00,False
entertainment_00067,Empire Cinemas Jazan,Movie theater,4.1,975,Jazan,Jazan,Saudi Arabia,,entertainment_kaggle,,,static,,2026-09-13T08:48:56.913228+00:00,False
entertainment_00068,VOX cinema,Movie theater,4.1,1000,Riyadh,Riyadh,Saudi Arabia,,entertainment_kaggle,,,static,,2026-09-13T08:48:56.913228+00:00,False
entertainment_00069,Vox Cinemas,Movie theater,4.1,4800,Dammam,Eastern Province,Saudi Arabia,,entertainment_kaggle,,,static,,2026-09-13T08:48:56.913228+00:00,False
entertainment_00070,موڤي سينما النخيل بلازا_ بريدة,Movie theater,4.4,1400,Buraydah,Qassim,Saudi Arabia,,entertainment_kaggle,,,static,,2026-09-13T08:48:56.913228+00:00,False
entertainment_00071,Muvi Cinemas | موڤي سينما,Movie theater,4.2,840,Jeddah,Makkah,Saudi Arabia,,entertainment_kaggle,,,static,,2026-09-13T08:48:56.913228+00:00,False
entertainment_00072,AMC Cinemas Ajdan Walk,Movie theater,4.4,957,Al Khobar,Eastern Province,Saudi Arabia,,entertainment_kaggle,,,static,,2026-09-13T08:48:56.913228+00:00,False
entertainment_00073,Empire Cinemas Hail,Movie theater,4.0,137,Hail,Hail,Saudi Arabia,,entertainment_kaggle,,,static,,2026-09-13T08:48:56.913228+00:00,False
entertainment_00074,Najmah Theater,Movie theater,4.0,81,Ras Tanura,,Saudi Arabia,,entertainment_kaggle,,,static,,2026-09-13T08:48:56.913228+00:00,False
entertainment_00075,AMC Cinemas Tabuk Boulevard,Movie theater,4.3,55,Tabuk,Tabuk,Saudi Arabia,,entertainment_kaggle,,,static,,2026-09-13T08:48:56.913228+00:00,False
entertainment_00076,AMC Cinemas Panorama 10,Movie theater,4.3,1900,Riyadh,Riyadh,Saudi Arabia,,entertainment_kaggle,,,static,,2026-09-13T08:48:56.913228+00:00,False
entertainment_00077,Muvi Cinemas | موڤي سينما,Movie theater,4.1,975,Jazan,Jazan,Saudi Arabia,,entertainment_kaggle,,,static,,2026-09-13T08:48:56.913228+00:00,False
entertainment_00078,VOX cinema,Movie theater,4.1,1000,Riyadh,Riyadh,Saudi Arabia,,entertainment_kaggle,,,static,,2026-09-13T08:48:56.913228+00:00,False
entertainment_00079,Vox Cinemas,Movie theater,4.1,4800,Dammam,Eastern Province,Saudi Arabia,,entertainment_kaggle,,,static,,2026-09-13T08:48:56.913228+00:00,False
entertainment_00080,موڤي سينما النخيل بلازا_ بريدة,Movie theater,4.4,1400,Buraydah,Qassim,Saudi Arabia,,entertainment_kaggle,,,static,,2026-09-13T08:48:56.913228+00:00,False
entertainment_00081,Muvi Cinemas | موڤي سينما,Movie theater,4.2,840,Jeddah,Makkah,Saudi Arabia,,entertainment_kaggle,,,static,,2026-09-13T08:48:56.913228+00:00,False
entertainment_00082,AMC Cinemas Ajdan Walk,Movie theater,4.4,957,Al Khobar,Eastern Province,Saudi Arabia,,entertainment_kaggle,,,static,,2026-09-13T08:48:56.913228+00:00,False
entertainment_00083,Empire Cinemas Hail,Movie theater,4.0,137,Hail,Hail,Saudi Arabia,,entertainment_kaggle,,,static,,2026-09-13T08:48:56.913228+00:00,False
entertainment_00084,GOLD,Movie theater,4.1,38,Riyadh,Riyadh,Saudi Arabia,,entertainment_kaggle,,,static,,2026-09-13T08:48:56.913228+00:00,False
entertainment_00085,VOX Cinema,Movie theater,4.2,525,Hail,Hail,Saudi Arabia,,entertainment_kaggle,,,static,,2026-09-13T08:48:56.913228+00:00,False
entertainment_00086,ڤوكس سينما تبوك بارك,Movie theater,4.0,336,Tabuk,Tabuk,Saudi Arabia,,entertainment_kaggle,,,static,,2026-09-13T08:48:56.913228+00:00,False
entertainment_00087,AMC Garden 5 - Hail,Movie theater,4.3,33,Hail,Hail,Saudi Arabia,,entertainment_kaggle,,,static,,2026-09-13T08:48:56.913228+00:00,False
entertainment_00088,Empire Cinemas امباير سينما,Movie theater,4.0,96,Arar,Northern Borders,Saudi Arabia,,entertainment_kaggle,,,static,,2026-09-13T08:48:56.913228+00:00,False
entertainment_00089,Muvi Cinemas | موڤي سينما,Movie theater,3.7,694,Riyadh,Riyadh,Saudi Arabia,"""Nice place (dolby experience).""",entertainment_kaggle,,,static,,2026-09-13T08:48:56.913228+00:00,False
entertainment_00090,Muvi Cinemas - Salaam Mall,Movie theater,3.6,130,Riyadh,Riyadh,Saudi Arabia,,entertainment_kaggle,,,static,,2026-09-13T08:48:56.913228+00:00,False
entertainment_00091,Safety Orientation UGP,Movie theater,4.4,34,Uthmaniyah,,Saudi Arabia,,entertainment_kaggle,,,static,,2026-09-13T08:48:56.913228+00:00,False
entertainment_00092,سينما العرب,Movie theater,4.2,941,Jeddah,Makkah,Saudi Arabia,,entertainment_kaggle,,,static,,2026-09-13T08:48:56.913228+00:00,False
entertainment_00093,VOX Cinemas - Red Sea Mall,Movie theater,4.3,12000,Jeddah,Makkah,Saudi Arabia,"""Small theatre, but looks good""",entertainment_kaggle,,,static,,2026-09-13T08:48:56.913228+00:00,False
entertainment_00094,Muvi Cinemas | موڤي سينما,Movie theater,4.0,1300,Taif,Makkah,Saudi Arabia,,entertainment_kaggle,,,static,,2026-09-13T08:48:56.913228+00:00,False
entertainment_00095,Muvi Cinemas,Movie theater,3.9,108,Jeddah,Makkah,Saudi Arabia,,entertainment_kaggle,,,static,,2026-09-13T08:48:56.913228+00:00,False
entertainment_00096,Cinépolis Cinemas سينما سينيبولس,Movie theater,4.0,86,Jazan,Jazan,Saudi Arabia,,entertainment_kaggle,,,static,,2026-09-13T08:48:56.913228+00:00,False
entertainment_00097,AMC Garden 5 - Hail,Movie theater,4.3,33,Hail,Hail,Saudi Arabia,,entertainment_kaggle,,,static,,2026-09-13T08:48:56.913228+00:00,False
entertainment_00098,Empire Cinemas امباير سينما,Movie theater,4.0,96,Arar,Northern Borders,Saudi Arabia,"""Excelent movie theater, recommended 100%""",entertainment_kaggle,,,static,,2026-09-13T08:48:56.913228+00:00,False
entertainment_00099,Muvi Cinemas | موڤي سينما,Movie theater,3.7,694,Riyadh,Riyadh,Saudi Arabia,"""Nice place (dolby experience).""",entertainment_kaggle,,,static,,2026-09-13T08:48:56.913228+00:00,False
entertainment_00100,Muvi Cinemas - Salaam Mall,Movie theater,3.6,130,Riyadh,Riyadh,Saudi Arabia,"""Big screen with large audience compared to old mall screen Riyadh""",entertainment_kaggle,,,static,,2026-09-13T08:48:56.913228+00:00,False
entertainment_00101,Safety Orientation UGP,Movie theater,4.4,34,Uthmaniyah,,Saudi Arabia,,entertainment_kaggle,,,static,,2026-09-13T08:48:56.913228+00:00,False
entertainment_00102,سينما العرب,Movie theater,4.2,941,Jeddah,Makkah,Saudi Arabia,"""Nice small theater to watch movies""",entertainment_kaggle,,,static,,2026-09-13T08:48:56.913228+00:00,False
entertainment_00103,VOX Cinemas - Red Sea Mall,Movie theater,4.3,12000,Jeddah,Makkah,Saudi Arabia,"""Small theatre, but looks good""",entertainment_kaggle,,,static,,2026-09-13T08:48:56.913228+00:00,False
entertainment_00104,VOX Cinemas Jubail Galleria Mall,Movie theater,3.4,87,Jubail,Eastern Province,Saudi Arabia,"""Just an average ordinary cinema!!!""",entertainment_kaggle,,,static,,2026-09-13T08:48:56.913228+00:00,False
entertainment_00105,Muvi Cinemas | موڤي سينما,Movie theater,4.3,577,Khamis Mushait,Asir,Saudi Arabia,"""New clean and organized theater.""",entertainment_kaggle,,,static,,2026-09-13T08:48:56.913228+00:00,False
entertainment_00106,Muvi Suites Cinemas | موڤي سويتس سينما,Movie theater,3.5,274,Jeddah,Makkah,Saudi Arabia,"""Very fancy and cozy place.""",entertainment_kaggle,,,static,,2026-09-13T08:48:56.913228+00:00,False
entertainment_00107,King Abdulaziz Center for World Culture - Ithra,Movie theater,4.6,5200,Dhahran,Eastern Province,Saudi Arabia,Cultural center with a striking design,entertainment_kaggle,,,static,,2026-09-13T08:48:56.913228+00:00,False
entertainment_00108,مسرح بكر الشدي,Performing arts theater,4.3,125,Riyadh,Riyadh,Saudi Arabia,Dine-in,entertainment_kaggle,,,static,,2026-09-13T08:48:56.913228+00:00,False
entertainment_00109,Muvi Cinemas The Village,Movie theater,4.4,17,Jeddah,Makkah,Saudi Arabia,,entertainment_kaggle,,,static,,2026-09-13T08:48:56.913228+00:00,False
entertainment_00110,Heritage village theatre,Performing arts theater,4.1,96,1C,,Saudi Arabia,,entertainment_kaggle,,,static,,2026-09-13T08:48:56.913228+00:00,False
entertainment_00111,Rotana Theater,Performing arts theater,3.6,30,Riyadh,Riyadh,Saudi Arabia,,entertainment_kaggle,,,static,,2026-09-13T08:48:56.913228+00:00,False
entertainment_00112,super dome theater,Concert hall,4.4,38,Jeddah,Makkah,Saudi Arabia,,entertainment_kaggle,,,static,,2026-09-13T08:48:56.913228+00:00,False
entertainment_00113,GOLD,Movie theater,4.1,38,Riyadh,Riyadh,Saudi Arabia,,entertainment_kaggle,,,static,,2026-09-13T08:48:56.913228+00:00,False
entertainment_00114,VOX Cinema,Movie theater,4.2,525,Hail,Hail,Saudi Arabia,"""temperatures is very low so it's very cold inside the theater.""",entertainment_kaggle,,,static,,2026-09-13T08:48:56.913228+00:00,False
entertainment_00115,ڤوكس سينما تبوك بارك,Movie theater,4.0,336,Tabuk,Tabuk,Saudi Arabia,"""Very fancy and cozy place.""",entertainment_kaggle,,,static,,2026-09-13T08:48:56.913228+00:00,False
entertainment_00116,King Abdulaziz Center for World Culture - Ithra,Movie theater,4.6,5200,Dhahran,Eastern Province,Saudi Arabia,Cultural center with a striking design,entertainment_kaggle,,,static,,2026-09-13T08:48:56.913228+00:00,False
entertainment_00117,مسرح بكر الشدي,Performing arts theater,4.3,125,Riyadh,Riyadh,Saudi Arabia,Dine-in,entertainment_kaggle,,,static,,2026-09-13T08:48:56.913228+00:00,False
entertainment_00118,Muvi Cinemas The Village,Movie theater,4.4,17,Jeddah,Makkah,Saudi Arabia,,entertainment_kaggle,,,static,,2026-09-13T08:48:56.913228+00:00,False
entertainment_00119,Heritage village theatre,Performing arts theater,4.1,96,1C,,Saudi Arabia,,entertainment_kaggle,,,static,,2026-09-13T08:48:56.913228+00:00,False
entertainment_00120,Rotana Theater,Performing arts theater,3.6,30,Riyadh,Riyadh,Saudi Arabia,,entertainment_kaggle,,,static,,2026-09-13T08:48:56.913228+00:00,False
entertainment_00121,super dome theater,Concert hall,4.4,38,Jeddah,Makkah,Saudi Arabia,,entertainment_kaggle,,,static,,2026-09-13T08:48:56.913228+00:00,False
entertainment_00122,نطيطات حايل,Movie theater,3.2,5,Hail,Hail,Saudi Arabia,,entertainment_kaggle,,,static,,2026-09-13T08:48:56.913228+00:00,False
entertainment_00123,Okaz Market Theater,Performing arts theater,4.3,834,Taif,Makkah,Saudi Arabia,"""Best theater we enjoyed and had fun""",entertainment_kaggle,,,static,,2026-09-13T08:48:56.913228+00:00,False
entertainment_00124,Muvi Cinemas | موڤي سينما,Movie theater,4.6,1200,Unayzah,Qassim,Saudi Arabia,"""Nice theatre 🎭🎭 well maintained..""",entertainment_kaggle,,,static,,2026-09-13T08:48:56.913228+00:00,False
entertainment_00125,Al Comedy Club,Performing arts theater,4.4,18,Dammam,Eastern Province,Saudi Arabia,,entertainment_kaggle,,,static,,2026-09-13T08:48:56.913228+00:00,False
entertainment_00126,Theater Lasan,Stage,3.5,61,Abha,Asir,Saudi Arabia,,entertainment_kaggle,,,static,,2026-09-13T08:48:56.913228+00:00,False
entertainment_00127,University Theater,Stage,4.2,116,Abha,Asir,Saudi Arabia,,entertainment_kaggle,,,static,,2026-09-13T08:48:56.913228+00:00,False
entertainment_00128,Scitech,Science museum,4.3,6300,Al Khobar,Eastern Province,Saudi Arabia,"""The movie theater is cool...""",entertainment_kaggle,,,static,,2026-09-13T08:48:56.913228+00:00,False
entertainment_00129,VOX Cinemas Jubail Galleria Mall,Movie theater,3.4,87,Jubail,Eastern Province,Saudi Arabia,"""Just an average ordinary cinema!!!""",entertainment_kaggle,,,static,,2026-09-13T08:48:56.913228+00:00,False
entertainment_00130,Muvi Cinemas | موڤي سينما,Movie theater,4.3,577,Khamis Mushait,Asir,Saudi Arabia,"""New clean and organized theater.""",entertainment_kaggle,,,static,,2026-09-13T08:48:56.913228+00:00,False
entertainment_00131,Muvi Suites Cinemas | موڤي سويتس سينما,Movie theater,3.5,274,Jeddah,Makkah,Saudi Arabia,"""Very fancy and cozy place.""",entertainment_kaggle,,,static,,2026-09-13T08:48:56.913228+00:00,False
entertainment_00132,King Abdulaziz Center for World Culture - Ithra,Movie theater,4.6,1200,Unayzah,Qassim,Saudi Arabia,"""Nice theatre 🎭🎭 well maintained..""",entertainment_kaggle,,,static,,2026-09-13T08:48:56.913228+00:00,False
entertainment_00133,Al Comedy Club,Performing arts theater,4.4,18,Dammam,Eastern Province,Saudi Arabia,,entertainment_kaggle,,,static,,2026-09-13T08:48:56.913228+00:00,False
entertainment_00134,Theater Lasan,Stage,3.5,61,Abha,Asir,Saudi Arabia,,entertainment_kaggle,,,static,,2026-09-13T08:48:56.913228+00:00,False
entertainment_00135,University Theater,Stage,4.2,116,Abha,Asir,Saudi Arabia,,entertainment_kaggle,,,static,,2026-09-13T08:48:56.913228+00:00,False
entertainment_00136,Scitech,Science museum,4.3,6300,Al Khobar,Eastern Province,Saudi Arabia,"""The movie theater is cool...""",entertainment_kaggle,,,static,,2026-09-13T08:48:56.913228+00:00,False
entertainment_00137,المسرح الروماني | Roman Theater,Performing arts theater,4.1,151,Al Uqayr,,Saudi Arabia,,entertainment_kaggle,,,static,,2026-09-13T08:48:56.913228+00:00,False
entertainment_00138,Maraya,Concert hall,4.6,1100,Al Atheeb,,Saudi Arabia,"""Also the theater is another level of perfection.""",entertainment_kaggle,,,static,,2026-09-13T08:48:56.913228+00:00,False
entertainment_00139,Education Department Theater,Performing arts theater,4.0,169,Madinah,Madinah,Saudi Arabia,,entertainment_kaggle,,,static,,2026-09-13T08:48:56.913228+00:00,False
entertainment_00140,Benchmark Stage,Live Music,4.3,219,Jeddah,Makkah,Saudi Arabia,"""Very nice theater setup.""",entertainment_kaggle,,,static,,2026-09-13T08:48:56.913228+00:00,False
entertainment_00141,Live Show Arabia,Entertainment agency,5.0,1,Riyadh,Riyadh,Saudi Arabia,Closed ⋅ Opens 9 am Wed,entertainment_kaggle,,,static,,2026-09-13T08:48:56.913228+00:00,False
entertainment_00142,Far-is studio,Museum,4.6,17,Riyadh,Riyadh,Saudi Arabia,,entertainment_kaggle,,,static,,2026-09-13T08:48:56.913228+00:00,False
entertainment_00143,Terhal,Concert hall,5.0,65,Diriyah,Riyadh,Saudi Arabia,"""The food is not allowed inside the theater, so eat and drink your ...""",entertainment_kaggle,,,static,,2026-09-13T08:48:56.913228+00:00,False
entertainment_00144,Riyadh Front - Shopping Area,Shopping mall,4.5,25000,Riyadh,Riyadh,Saudi Arabia,"""Very nice mall with Cinema theater facility""",entertainment_kaggle,,,static,,2026-09-13T08:48:56.913228+00:00,False
entertainment_00145,TheClub,Entertainer,4.4,654,Jeddah,Makkah,Saudi Arabia,Open now,entertainment_kaggle,,,static,,2026-09-13T08:48:56.913228+00:00,False
entertainment_00146,نطيطات حايل,Movie theater,3.2,5,Hail,Hail,Saudi Arabia,,entertainment_kaggle,,,static,,2026-09-13T08:48:56.913228+00:00,False
entertainment_00147,Okaz Market Theater,Performing arts theater,4.3,834,Taif,Makkah,Saudi Arabia,"""Best theater we enjoyed and had fun""",entertainment_kaggle,,,static,,2026-09-13T08:48:56.913228+00:00,False
entertainment_00148,Education Department Theater,Performing arts theater,4.0,169,Madinah,Madinah,Saudi Arabia,,entertainment_kaggle,,,static,,2026-09-13T08:48:56.913228+00:00,False
entertainment_00149,Benchmark Stage,Live Music,4.3,219,Jeddah,Makkah,Saudi Arabia,"""Very nice theater setup.""",entertainment_kaggle,,,static,,2026-09-13T08:48:56.913228+00:00,False
entertainment_00150,Live Show Arabia,Entertainment agency,5.0,1,Riyadh,Riyadh,Saudi Arabia,Closed ⋅ Opens 9 am Wed,entertainment_kaggle,,,static,,2026-09-13T08:48:56.913228+00:00,False
entertainment_00151,Far-is studio,Museum,4.6,17,Riyadh,Riyadh,Saudi Arabia,,entertainment_kaggle,,,static,,2026-09-13T08:48:56.913228+00:00,False
entertainment_00152,Terhal,Concert hall,5.0,65,Diriyah,Riyadh,Saudi Arabia,"""The food is not allowed inside the theater, so eat and drink your ...""",entertainment_kaggle,,,static,,2026-09-13T08:48:56.913228+00:00,False
entertainment_00153,Riyadh Front - Shopping Area,Shopping mall,4.5,25000,Riyadh,Riyadh,Saudi Arabia,"""Very nice mall with Cinema theater facility""",entertainment_kaggle,,,static,,2026-09-13T08:48:56.913228+00:00,False
entertainment_00154,TheClub,Entertainer,4.4,654,Jeddah,Makkah,Saudi Arabia,Open now,entertainment_kaggle,,,static,,2026-09-13T08:48:56.913228+00:00,False
entertainment_00155,Jeddah Superdome,Event venue,4.3,5100,Jeddah,Makkah,Saudi Arabia,"""Very big theater for all kind of shows""",entertainment_kaggle,,,static,,2026-09-13T08:48:56.913228+00:00,False
entertainment_00156,Conference Center,Conference center,4.5,735,Riyadh,Riyadh,Saudi Arabia,"""Feels like you are sitting on stadium, not theater.""",entertainment_kaggle,,,static,,2026-09-13T08:48:56.913228+00:00,False
entertainment_00157,SUNRISE RESORT,Resort hotel,4.9,98,Riyadh,Riyadh,Saudi Arabia,"""I mostly enjoyed the cinema theater""",entertainment_kaggle,,,static,,2026-09-13T08:48:56.913228+00:00,False
entertainment_00158,"Crowne Plaza al Khobar, an IHG Hotel",Hotel,4.4,5200,Al Khobar,Eastern Province,Saudi Arabia,Upmarket hotel with fine dining,entertainment_kaggle,,,static,,2026-09-13T08:48:56.913228+00:00,False
entertainment_00159,"Staybridge Suites al Khobar, an IHG Hotel",Hotel,4.5,1900,Al Khobar,Eastern Province,Saudi Arabia,Contemporary all-suite hotel with a pool,entertainment_kaggle,,,static,,2026-09-13T08:48:56.913228+00:00,False
entertainment_00160,Emerald Hall,Event venue,4.3,67,Dammam,Eastern Province,Saudi Arabia,"""... makes it perfect for hosting concerts, recitals, theater performances ...""",entertainment_kaggle,,,static,,2026-09-13T08:48:56.913228+00:00,False
entertainment_00161,Muvi Cinemas - Drive In Riyadh,Movie theater,3.7,155,Riyadh,Riyadh,Saudi Arabia,Temporarily closed,entertainment_kaggle,,,static,,2026-09-13T08:48:56.913228+00:00,False
entertainment_00162,Talal Maddah Theater,Stage,3.9,2500,Abha,Asir,Saudi Arabia,Temporarily closed,entertainment_kaggle,,,static,,2026-09-13T08:48:56.913228+00:00,False
entertainment_00163,المسرح الروماني | Roman Theater,Performing arts theater,4.1,151,Al Uqayr,,Saudi Arabia,,entertainment_kaggle,,,static,,2026-09-13T08:48:56.913228+00:00,False
entertainment_00164,Maraya,Concert hall,4.6,1100,Al Atheeb,,Saudi Arabia,"""Also the theater is another level of perfection.""",entertainment_kaggle,,,static,,2026-09-13T08:48:56.913228+00:00,False
entertainment_00165,"Crowne Plaza al Khobar, an IHG Hotel",Hotel,4.4,5200,Al Khobar,Eastern Province,Saudi Arabia,Upmarket hotel with fine dining,entertainment_kaggle,,,static,,2026-09-13T08:48:56.913228+00:00,False
entertainment_00166,"Staybridge Suites al Khobar, an IHG Hotel",Hotel,4.5,1900,Al Khobar,Eastern Province,Saudi Arabia,Contemporary all-suite hotel with a pool,entertainment_kaggle,,,static,,2026-09-13T08:48:56.913228+00:00,False
entertainment_00167,Emerald Hall,Event venue,4.3,67,Dammam,Eastern Province,Saudi Arabia,"""... makes it perfect for hosting concerts, recitals, theater performances ...""",entertainment_kaggle,,,static,,2026-09-13T08:48:56.913228+00:00,False
entertainment_00168,Muvi Cinemas - Drive In Riyadh,Movie theater,3.7,155,Riyadh,Riyadh,Saudi Arabia,Temporarily closed,entertainment_kaggle,,,static,,2026-09-13T08:48:56.913228+00:00,False
entertainment_00169,Talal Maddah Theater,Stage,3.9,2500,Abha,Asir,Saudi Arabia,Temporarily closed,entertainment_kaggle,,,static,,2026-09-13T08:48:56.913228+00:00,False
entertainment_00170,Tekka Tatbeelah,,4.6,593,Safwa,,Saudi Arabia,Dine-in·,entertainment_kaggle,,,static,,2026-09-13T08:48:56.913228+00:00,False
entertainment_00171,مركز ضيافة كيان المستقبل,Kindergarten School,4.2,86,Riyadh,Riyadh,Saudi Arabia,Closed ⋅ Opens 6:30 am Wed,entertainment_kaggle,,,static,,2026-09-13T08:48:56.913228+00:00,False
entertainment_00172,Alkuzama,Tourist attraction,4.5,2,Riyadh,Riyadh,Saudi Arabia,,entertainment_kaggle,,,static,,2026-09-13T08:48:56.913228+00:00,False
entertainment_00173,برج الفيصلية,Tourist attraction,4.6,872,Riyadh,Riyadh,Saudi Arabia,"""A luxurious place with restaurants and markets""",entertainment_kaggle,,,static,,2026-09-13T08:48:56.913228+00:00,False
entertainment_00174,Sa'ad Red Sand - Dunes,Tourist attraction,4.8,6,Sa'Ad,,Saudi Arabia,"""Rubbish are everywhere near the rental place.""",entertainment_kaggle,,,static,,2026-09-13T08:48:56.913228+00:00,False
entertainment_00175,Durat Al Sahel Water Theme Park,Theme park,3.7,3200,Riyadh,Riyadh,Saudi Arabia,Closed ⋅ Opens 1 pm Thu,entertainment_kaggle,,,static,,2026-09-13T08:48:56.913228+00:00,False
entertainment_00176,The old palace,Tourist attraction,3.9,69,Al Moqbel Palaces,,Saudi Arabia,Closed ⋅ Opens 6:30 am Wed,entertainment_kaggle,,,static,,2026-09-13T08:48:56.913228+00:00,False
entertainment_00177,Al-Samar Amusement Center,Amusement center,3.9,855,Riyadh,Riyadh,Saudi Arabia,"""Like the place, very entertaining just choose your favourite activity""",entertainment_kaggle,,,static,,2026-09-13T08:48:56.913228+00:00,False
entertainment_00178,Mosary Arena,Amusement center,3.4,230,Riyadh,Riyadh,Saudi Arabia,"""Nice place my kids was very happy that day Will visit again very ...""",entertainment_kaggle,,,static,,2026-09-13T08:48:56.913228+00:00,False
entertainment_00179,Diriyah,Tourist attraction,4.4,23,Diriyah,Riyadh,Saudi Arabia,"""Beautiful historical place in a contemporary design for restaurants.""",entertainment_kaggle,,,static,,2026-09-13T08:48:56.913228+00:00,False
entertainment_00180,Snow City,Amusement center,3.9,7000,Riyadh,Riyadh,Saudi Arabia,"""Nb 1 entertainment place""",entertainment_kaggle,,,static,,2026-09-13T08:48:56.913228+00:00,False
entertainment_00181,King Fahad's Fountain,Tourist attraction,4.5,8900,Jeddah,Makkah,Saudi Arabia,Closed ⋅ Opens 9 am Wed,entertainment_kaggle,,,static,,2026-09-13T08:48:56.913228+00:00,False
entertainment_00182,Al Hokair Time,Theme park,4.0,2900,Riyadh,Riyadh,Saudi Arabia,"""Nice place, variety of kids entertainment""",entertainment_kaggle,,,static,,2026-09-13T08:48:56.913228+00:00,False
entertainment_00183,Saffori Land,Amusement center,4.1,4600,Riyadh,Riyadh,Saudi Arabia,"""Entertainment place for kids""",entertainment_kaggle,,,static,,2026-09-13T08:48:56.913228+00:00,False
entertainment_00184,Wild Baboons,Tourist attraction,3.6,27,Riyadh,Riyadh,Saudi Arabia,"""... this location im planning to visit this place. thanks in advance""",entertainment_kaggle,,,static,,2026-09-13T08:48:56.913228+00:00,False
entertainment_00185,Ushaiqer Heritage Village,Tourist attraction,4.5,3000,Ushaiqer,,Saudi Arabia,"""Great place to visit that shows you the old cities in Saudi Arabia""",entertainment_kaggle,,,static,,2026-09-13T08:48:56.913228+00:00,False
entertainment_00186,Sky Zone | سكاي زون,Amusement center,3.8,276,Riyadh,Riyadh,Saudi Arabia,"""Prefect place to go to chill have fun and get some exercise on.""",entertainment_kaggle,,,static,,2026-09-13T08:48:56.913228+00:00,False
entertainment_00187,مواقف ادارة البوليڤارد,Tourist attraction,4.1,28,Riyadh,Riyadh,Saudi Arabia,,entertainment_kaggle,,,static,,2026-09-13T08:48:56.913228+00:00,False
entertainment_00188,الدرعية,Tourist attraction,4.5,101,Riyadh,Riyadh,Saudi Arabia,"""... district is place where you can have calm and charming dinner.""",entertainment_kaggle,,,static,,2026-09-13T08:48:56.913228+00:00,False
entertainment_00189,Al Masmak Palace Museum,Tourist attraction,4.5,3200,Riyadh,Riyadh,Saudi Arabia,Closes soon ⋅ 9 pm,entertainment_kaggle,,,static,,2026-09-13T08:48:56.913228+00:00,False
entertainment_00190,Blvd World,Tourist attraction,4.6,746,Riyadh,Riyadh,Saudi Arabia,Open now,entertainment_kaggle,,,static,,2026-09-13T08:48:56.913228+00:00,False
entertainment_00191,Alkuzama,Tourist attraction,4.5,2,Riyadh,Riyadh,Saudi Arabia,,entertainment_kaggle,,,static,,2026-09-13T08:48:56.913228+00:00,False
entertainment_00192,برج الفيصلية,Tourist attraction,4.6,872,Riyadh,Riyadh,Saudi Arabia,"""A luxurious place with restaurants and markets""",entertainment_kaggle,,,static,,2026-09-13T08:48:56.913228+00:00,False
entertainment_00193,Sa'ad Red Sand - Dunes,Tourist attraction,4.8,6,Sa'Ad,,Saudi Arabia,"""Rubbish are everywhere near the rental place.""",entertainment_kaggle,,,static,,2026-09-13T08:48:56.913228+00:00,False
entertainment_00194,Wild Baboons,Tourist attraction,3.6,27,Riyadh,Riyadh,Saudi Arabia,"""... this location im planning to visit this place. thanks in advance""",entertainment_kaggle,,,static,,2026-09-13T08:48:56.913228+00:00,False
entertainment_00195,Ushaiqer Heritage Village,Tourist attraction,4.5,3000,Ushaiqer,,Saudi Arabia,"""Great place to visit that shows you the old cities in Saudi Arabia""",entertainment_kaggle,,,static,,2026-09-13T08:48:56.913228+00:00,False
entertainment_00196,Sky Zone | سكاي زون,Amusement center,3.8,276,Riyadh,Riyadh,Saudi Arabia,"""Prefect place to go to chill have fun and get some exercise on.""",entertainment_kaggle,,,static,,2026-09-13T08:48:56.913228+00:00,False
entertainment_00197,مواقف ادارة البوليڤارد,Tourist attraction,4.1,28,Riyadh,Riyadh,Saudi Arabia,,entertainment_kaggle,,,static,,2026-09-13T08:48:56.913228+00:00,False
entertainment_00198,الدرعية,Tourist attraction,4.5,101,Riyadh,Riyadh,Saudi Arabia,"""... district is place where you can have calm and charming dinner.""",entertainment_kaggle,,,static,,2026-09-13T08:48:56.913228+00:00,False
entertainment_00199,Al Masmak Palace Museum,Tourist attraction,4.5,3200,Riyadh,Riyadh,Saudi Arabia,Closes soon ⋅ 9 pm,entertainment_kaggle,,,static,,2026-09-13T08:48:56.913228+00:00,False
entertainment_00200,Blvd World,Tourist attraction,4.6,746,Riyadh,Riyadh,Saudi Arabia,Open now,entertainment_kaggle,,,static,,2026-09-13T08:48:56.913228+00:00,False
entertainment_00201,Sparky's | سباركيز,Amusement center,4.0,168,Riyadh,Riyadh,Saudi Arabia,"""Nice place for kids entertainment, fully isolated""",entertainment_kaggle,,,static,,2026-09-13T08:48:56.913228+00:00,False
entertainment_00202,Al-Bujairi Heritage Park,National park,4.4,12000,Riyadh,Riyadh,Saudi Arabia,"""Nice place for family entertainment.... enough parking space ...""",entertainment_kaggle,,,static,,2026-09-13T08:48:56.913228+00:00,False
entertainment_00203,Red Sand Dunes,Tourist attraction,4.5,1200,,,Saudi Arabia,"""Nice entertainment place.""",entertainment_kaggle,,,static,,2026-09-13T08:48:56.913228+00:00,False
entertainment_00204,King Abdullah Park,Tourist attraction,4.2,33000,Riyadh,Riyadh,Saudi Arabia,"""Good entertainment place""",entertainment_kaggle,,,static,,2026-09-13T08:48:56.913228+00:00,False
entertainment_00205,Riyadh Zoo,Tourist attraction,4.2,36000,Riyadh,Riyadh,Saudi Arabia,Closed ⋅ Opens 10 am Wed,entertainment_kaggle,,,static,,2026-09-13T08:48:56.913228+00:00,False
entertainment_00206,Observatory Thanian,Tourist attraction,4.6,23,Al Muzahimiyah,Riyadh,Saudi Arabia,,entertainment_kaggle,,,static,,2026-09-13T08:48:56.913228+00:00,False
entertainment_00207,Sparky's,Amusement park,4.0,961,Riyadh,Riyadh,Saudi Arabia,"""One of the favorite places for kids""",entertainment_kaggle,,,static,,2026-09-13T08:48:56.913228+00:00,False
entertainment_00208,DAZ داز,Amusement center,4.5,278,Jeddah,Makkah,Saudi Arabia,"""My daughter’s favorite place !""",entertainment_kaggle,,,static,,2026-09-13T08:48:56.913228+00:00,False
entertainment_00209,Long Flag,Tourist attraction,4.4,792,Diriyah,Riyadh,Saudi Arabia,"""Good place and very quiet.""",entertainment_kaggle,,,static,,2026-09-13T08:48:56.913228+00:00,False
entertainment_00210,Magic Planet Riyadh Front - ماجيك بلانيت واجهة الرياض,Amusement center,4.2,44,Riyadh,Riyadh,Saudi Arabia,"""I personally highly recommend him for a very sensitive areas in your ...""",entertainment_kaggle,,,static,,2026-09-13T08:48:56.913228+00:00,False
entertainment_00211,King Fahad's Fountain,Tourist attraction,4.5,8900,Jeddah,Makkah,Saudi Arabia,Closed ⋅ Opens 9 am Wed,entertainment_kaggle,,,static,,2026-09-13T08:48:56.913228+00:00,False
entertainment_00212,Al Hokair Time,Theme park,4.0,2900,Riyadh,Riyadh,Saudi Arabia,"""Nice place, variety of kids entertainment""",entertainment_kaggle,,,static,,2026-09-13T08:48:56.913228+00:00,False
entertainment_00213,Saffori Land,Amusement center,4.1,4600,Riyadh,Riyadh,Saudi Arabia,,entertainment_kaggle,,,static,,2026-09-13T08:48:56.913228+00:00,False
entertainment_00214,King Abdullah Park,Tourist attraction,4.2,33000,Riyadh,Riyadh,Saudi Arabia,"""Good entertainment place""",entertainment_kaggle,,,static,,2026-09-13T08:48:56.913228+00:00,False
entertainment_00215,Riyadh Zoo,Tourist attraction,4.2,36000,Riyadh,Riyadh,Saudi Arabia,Closed ⋅ Opens 10 am Wed,entertainment_kaggle,,,static,,2026-09-13T08:48:56.913228+00:00,False
entertainment_00216,Observatory Thanian,Tourist attraction,4.6,23,Al Muzahimiyah,Riyadh,Saudi Arabia,,entertainment_kaggle,,,static,,2026-09-13T08:48:56.913228+00:00,False
entertainment_00217,Sparky's,Amusement park,4.0,961,Riyadh,Riyadh,Saudi Arabia,"""One of the favorite places for kids""",entertainment_kaggle,,,static,,2026-09-13T08:48:56.913228+00:00,False
entertainment_00218,DAZ داز,Amusement center,4.5,278,Jeddah,Makkah,Saudi Arabia,"""My daughter’s favorite place !""",entertainment_kaggle,,,static,,2026-09-13T08:48:56.913228+00:00,False
entertainment_00219,Long Flag,Tourist attraction,4.4,792,Diriyah,Riyadh,Saudi Arabia,"""Good place and very quiet.""",entertainment_kaggle,,,static,,2026-09-13T08:48:56.913228+00:00,False
entertainment_00220,Magic Planet Riyadh Front - ماجيك بلانيت واجهة الرياض,Amusement center,4.2,44,Riyadh,Riyadh,Saudi Arabia,"""I personally highly recommend him for a very sensitive areas in your ...""",entertainment_kaggle,,,static,,2026-09-13T08:48:56.913228+00:00,False
entertainment_00221,Real Edge of the World,Tourist attraction,4.6,89,العويند,,Saudi Arabia,"""Just amazing Place can be reached by 4x4 The place may be close ...""",entertainment_kaggle,,,static,,2026-09-13T08:48:56.913228+00:00,False
entertainment_00222,Little Red Sand,Tourist attraction,4.3,7,Riyadh,Riyadh,Saudi Arabia,,entertainment_kaggle,,,static,,2026-09-13T08:48:56.913228+00:00,False
entertainment_00223,Valley of Life,Tourist attraction,4.0,17,Riyadh,Riyadh,Saudi Arabia,"""Good place there ...""",entertainment_kaggle,,,static,,2026-09-13T08:48:56.913228+00:00,False
entertainment_00224,Park near Museum,Park,4.1,8,Riyadh,Riyadh,Saudi Arabia,"""Very nice and well maintained place Good for morning & evening ...""",entertainment_kaggle,,,static,,2026-09-13T08:48:56.913228+00:00,False
entertainment_00225,Edge of the World,Tourist attraction,4.6,3300,,,Saudi Arabia,"""An interesting location with amazing views""",entertainment_kaggle,,,static,,2026-09-13T08:48:56.913228+00:00,False
entertainment_00226,Last Hour Escape Room,Escape room center,4.9,1000,Riyadh,Riyadh,Saudi Arabia,"""A great place if you're looking to have fun in Riyadh!!""",entertainment_kaggle,,,static,,2026-09-13T08:48:56.913228+00:00,False
entertainment_00227,سفوري لاند | Safforiland,Amusement center,3.8,296,Riyadh,Riyadh,Saudi Arabia,,entertainment_kaggle,,,static,,2026-09-13T08:48:56.913228+00:00,False
entertainment_00228,Escape the Room,Escape room center,4.8,3200,Al Khobar,Eastern Province,Saudi Arabia,"""The best entertainment place in Khobar.""",entertainment_kaggle,,,static,,2026-09-13T08:48:56.913228+00:00,False
entertainment_00229,Raghba observation tower,Tourist attraction,4.6,74,Rughabah,,Saudi Arabia,,entertainment_kaggle,,,static,,2026-09-13T08:48:56.913228+00:00,False
entertainment_00230,Al Haeer Park Khamsa Khamsa,Tourist attraction,3.8,451,Riyadh,Riyadh,Saudi Arabia,"""Super nice place away from city crowd.""",entertainment_kaggle,,,static,,2026-09-13T08:48:56.913228+00:00,False
entertainment_00231,Sparky's | سباركيز,Amusement center,4.0,168,Riyadh,Riyadh,Saudi Arabia,"""Nice place for kids entertainment, fully isolated""",entertainment_kaggle,,,static,,2026-09-13T08:48:56.913228+00:00,False
entertainment_00232,Al-Bujairi Heritage Park,National park,4.4,12000,Riyadh,Riyadh,Saudi Arabia,"""Nice place for family entertainment.... enough parking space ...""",entertainment_kaggle,,,static,,2026-09-13T08:48:56.913228+00:00,False
entertainment_00233,Red Sand Dunes,Tourist attraction,4.5,17,Riyadh,Riyadh,Saudi Arabia,"""Good place there ...""",entertainment_kaggle,,,static,,2026-09-13T08:48:56.913228+00:00,False
entertainment_00234,Park near Museum,Park,4.1,8,Riyadh,Riyadh,Saudi Arabia,"""Very nice and well maintained place Good for morning & evening ...""",entertainment_kaggle,,,static,,2026-09-13T08:48:56.913228+00:00,False
entertainment_00235,Edge of the World,Tourist attraction,4.6,3300,,,Saudi Arabia,"""An interesting location with amazing views""",entertainment_kaggle,,,static,,2026-09-13T08:48:56.913228+00:00,False
entertainment_00236,Last Hour Escape Room,Escape room center,4.9,1000,Riyadh,Riyadh,Saudi Arabia,"""A great place if you're looking to have fun in Riyadh!!""",entertainment_kaggle,,,static,,2026-09-13T08:48:56.913228+00:00,False
entertainment_00237,سفوري لاند | Safforiland,Amusement center,3.8,296,Riyadh,Riyadh,Saudi Arabia,,entertainment_kaggle,,,static,,2026-09-13T08:48:56.913228+00:00,False
entertainment_00238,Escape the Room,Escape room center,4.8,3200,Al Khobar,Eastern Province,Saudi Arabia,"""The best entertainment place in Khobar.""",entertainment_kaggle,,,static,,2026-09-13T08:48:56.913228+00:00,False
entertainment_00239,Raghba observation tower,Tourist attraction,4.6,74,Rughabah,,Saudi Arabia,,entertainment_kaggle,,,static,,2026-09-13T08:48:56.913228+00:00,False
entertainment_00240,Al Haeer Park Khamsa Khamsa,Tourist attraction,3.8,451,Riyadh,Riyadh,Saudi Arabia,"""Super nice place away from city crowd.""",entertainment_kaggle,,,static,,2026-09-13T08:48:56.913228+00:00,False
entertainment_00241,Xtreme Play اكستريم بلاي,Amusement center,4.1,93,Jeddah,Makkah,Saudi Arabia,"""Awesome place... look out for Majed AlGhamdi, he is an awesome ...""",entertainment_kaggle,,,static,,2026-09-13T08:48:56.913228+00:00,False
entertainment_00242,Al Muruj Park,Tourist attraction,3.9,1400,Riyadh,Riyadh,Saudi Arabia,,entertainment_kaggle,,,static,,2026-09-13T08:48:56.913228+00:00,False
entertainment_00243,Sparky's | سباركيز,Amusement center,3.8,1100,Dammam,Eastern Province,Saudi Arabia,"""This place is the best in area they have too much games and kids ...""",entertainment_kaggle,,,static,,2026-09-13T08:48:56.913228+00:00,False
entertainment_00244,The Escape Hotel,Escape room center,4.7,735,Jeddah,Makkah,Saudi Arabia,"""Spooky yet fun place to try.. with different levels from easy to hard I ...""",entertainment_kaggle,,,static,,2026-09-13T08:48:56.913228+00:00,False
entertainment_00245,The sky bridge of the kingdom center,Tourist attraction,4.5,94,Riyadh,Riyadh,Saudi Arabia,"""It locates on the 99th Floor.""",entertainment_kaggle,,,static,,2026-09-13T08:48:56.913228+00:00,False
entertainment_00246,Isteraha Al Faris,Community garden,4.4,38,Riyadh,Riyadh,Saudi Arabia,Open now,entertainment_kaggle,,,static,,2026-09-13T08:48:56.913228+00:00,False
entertainment_00247,Riyadh Season,Tourist attraction,4.5,14000,Riyadh,Riyadh,Saudi Arabia,"""Ful on entertainment place in riyadh""",entertainment_kaggle,,,static,,2026-09-13T08:48:56.913228+00:00,False
entertainment_00248,Heritage Village,Tourist attraction,4.5,260,Shaqra,Riyadh,Saudi Arabia,,entertainment_kaggle,,,static,,2026-09-13T08:48:56.913228+00:00,False
entertainment_00249,Corniche Island,Tourist attraction,4.7,22,Al Khobar,Eastern Province,Saudi Arabia,,entertainment_kaggle,,,static,,2026-09-13T08:48:56.913228+00:00,False
entertainment_00250,Real Edge of the World,Tourist attraction,4.6,89,العويند,,Saudi Arabia,"""Just amazing Place can be reached by 4x4 The place may be close ...""",entertainment_kaggle,,,static,,2026-09-13T08:48:56.913228+00:00,False
entertainment_00251,Little Red Sand,Tourist attraction,4.3,7,Riyadh,Riyadh,Saudi Arabia,,entertainment_kaggle,,,static,,2026-09-13T08:48:56.913228+00:00,False
entertainment_00252,Valley of Life,Tourist attraction,4.0,17,Riyadh,Riyadh,Saudi Arabia,,entertainment_kaggle,,,static,,2026-09-13T08:48:56.913228+00:00,False
entertainment_00253,The Escape Hotel,Escape room center,4.7,735,Jeddah,Makkah,Saudi Arabia,"""Spooky yet fun place to try.. with different levels from easy to hard I ...""",entertainment_kaggle,,,static,,2026-09-13T08:48:56.913228+00:00,False
entertainment_00254,The sky bridge of the kingdom center,Tourist attraction,4.5,94,Riyadh,Riyadh,Saudi Arabia,"""It locates on the 99th Floor.""",entertainment_kaggle,,,static,,2026-09-13T08:48:56.913228+00:00,False
entertainment_00255,Isteraha Al Faris,Community garden,4.4,38,Riyadh,Riyadh,Saudi Arabia,Open now,entertainment_kaggle,,,static,,2026-09-13T08:48:56.913228+00:00,False
entertainment_00256,Riyadh Season,Tourist attraction,4.5,14000,Riyadh,Riyadh,Saudi Arabia,"""Ful on entertainment place in riyadh""",entertainment_kaggle,,,static,,2026-09-13T08:48:56.913228+00:00,False
entertainment_00257,Heritage Village,Tourist attraction,4.5,260,Shaqra,Riyadh,Saudi Arabia,,entertainment_kaggle,,,static,,2026-09-13T08:48:56.913228+00:00,False
entertainment_00258,Corniche Island,Tourist attraction,4.7,22,Al Khobar,Eastern Province,Saudi Arabia,,entertainment_kaggle,,,static,,2026-09-13T08:48:56.913228+00:00,False
entertainment_00259,Alsafat Square,Tourist attraction,4.4,1100,Riyadh,Riyadh,Saudi Arabia,"""This is my Home place""",entertainment_kaggle,,,static,,2026-09-13T08:48:56.913228+00:00,False
entertainment_00260,Saffori Land,Amusement center,4.0,1600,Riyadh,Riyadh,Saudi Arabia,"""Awesome place for children entertainment""",entertainment_kaggle,,,static,,2026-09-13T08:48:56.913228+00:00,False
entertainment_00261,Market DQ,Tourist attraction,2.5,4,Riyadh,Riyadh,Saudi Arabia,,entertainment_kaggle,,,static,,2026-09-13T08:48:56.913228+00:00,False
entertainment_00262,عين العباس,Tourist attraction,3.7,3,,,Saudi Arabia,,entertainment_kaggle,,,static,,2026-09-13T08:48:56.913228+00:00,False
entertainment_00263,ALNakheel Park,Tourist attraction,4.0,2300,Riyadh,Riyadh,Saudi Arabia,"Lawns, palm trees & sports facilities",entertainment_kaggle,,,static,,2026-09-13T08:48:56.913228+00:00,False
entertainment_00264,Magic Planet Riyadh Park - ماجيك بلانيت الرياض بارك,Amusement center,3.7,398,Riyadh,Riyadh,Saudi Arabia,"""Very fun place for the kids.. Only problem is traffic ...""",entertainment_kaggle,,,static,,2026-09-13T08:48:56.913228+00:00,False
entertainment_00265,Zero Latency | زيرو ليتنسي,Amusement center,3.9,761,Riyadh,Riyadh,Saudi Arabia,"""Best place for Virtual Reality entertainment.""",entertainment_kaggle,,,static,,2026-09-13T08:48:56.913228+00:00,False
entertainment_00266,Fanta Park,Amusement center,4.1,49,Riyadh,Riyadh,Saudi Arabia,"""It a nice place for entertainment for your children but your children ...""",entertainment_kaggle,,,static,,2026-09-13T08:48:56.913228+00:00,False
entertainment_00267,Jabal Baloum,Tourist attraction,4.3,6,Riyadh,Riyadh,Saudi Arabia,"""Great location for camping and to have fun around.""",entertainment_kaggle,,,static,,2026-09-13T08:48:56.913228+00:00,False
entertainment_00268,Escape Room,Escape room center,4.5,721,Riyadh,Riyadh,Saudi Arabia,"""I highly recommend this place for spending fun time with your family ...""",entertainment_kaggle,,,static,,2026-09-13T08:48:56.913228+00:00,False
entertainment_00269,Xtreme Play اكستريم بلاي,Amusement center,4.1,93,Jeddah,Makkah,Saudi Arabia,"""Awesome place... look out for Majed AlGhamdi, he is an awesome ...""",entertainment_kaggle,,,static,,2026-09-13T08:48:56.913228+00:00,False
entertainment_00270,Al Muruj Park,Tourist attraction,3.9,1400,Riyadh,Riyadh,Saudi Arabia,,entertainment_kaggle,,,static,,2026-09-13T08:48:56.913228+00:00,False
entertainment_00271,Sparky's | سباركيز,Amusement center,3.8,1100,Dammam,Eastern Province,Saudi Arabia,"""This place is the best in area they have too much games and kids ...""",entertainment_kaggle,,,static,,2026-09-13T08:48:56.913228+00:00,False
entertainment_00272,The Escape Hotel,Tourist attraction,4.7,3,,,Saudi Arabia,,entertainment_kaggle,,,static,,2026-09-13T08:48:56.913228+00:00,False
entertainment_00273,ALNakheel Park,Tourist attraction,4.0,2300,Riyadh,Riyadh,Saudi Arabia,"Lawns, palm trees & sports facilities",entertainment_kaggle,,,static,,2026-09-13T08:48:56.913228+00:00,False
entertainment_00274,Magic Planet Riyadh Park - ماجيك بلانيت الرياض بارك,Amusement center,3.7,398,Riyadh,Riyadh,Saudi Arabia,"""Very fun place for the kids.. Only problem is traffic ...""",entertainment_kaggle,,,static,,2026-09-13T08:48:56.913228+00:00,False
entertainment_00275,Zero Latency | زيرو ليتنسي,Amusement center,3.9,761,Riyadh,Riyadh,Saudi Arabia,"""Best place for Virtual Reality entertainment.""",entertainment_kaggle,,,static,,2026-09-13T08:48:56.913228+00:00,False
entertainment_00276,Fanta Park,Amusement center,4.1,49,Riyadh,Riyadh,Saudi Arabia,"""It a nice place for entertainment for your children but your children ...""",entertainment_kaggle,,,static,,2026-09-13T08:48:56.913228+00:00,False
entertainment_00277,Jabal Baloum,Tourist attraction,4.3,6,Riyadh,Riyadh,Saudi Arabia,"""Great location for camping and to have fun around.""",entertainment_kaggle,,,static,,2026-09-13T08:48:56.913228+00:00,False
entertainment_00278,Escape Room,Escape room center,4.5,721,Riyadh,Riyadh,Saudi Arabia,"""I highly recommend this place for spending fun time with your family ...""",entertainment_kaggle,,,static,,2026-09-13T08:48:56.913228+00:00,False
entertainment_00279,Manakh King Abdulaziz Park,Tourist attraction,3.8,2400,Riyadh,Riyadh,Saudi Arabia,"""It is very nice place. Especially for BarBQ.""",entertainment_kaggle,,,static,,2026-09-13T08:48:56.913228+00:00,False
entertainment_00280,Al Fazari Courtyard,Garden,4.0,34,Riyadh,Riyadh,Saudi Arabia,"""Just gets better with time a few really nice places to eat, with great ...""",entertainment_kaggle,,,static,,2026-09-13T08:48:56.913228+00:00,False
entertainment_00281,Al-Hayer Park Lake,Park,4.5,568,Riyadh,Riyadh,Saudi Arabia,"""A very nice place for entertainment with family""",entertainment_kaggle,,,static,,2026-09-13T08:48:56.913228+00:00,False
entertainment_00282,Mount Uraidh Hidden Spring,Tourist attraction,3.0,4,Riyadh,Riyadh,Saudi Arabia,"""Nice and quite place.""",entertainment_kaggle,,,static,,2026-09-13T08:48:56.913228+00:00,False
entertainment_00283,Sky Zone,Amusement center,4.0,3800,Riyadh,Riyadh,Saudi Arabia,"""Great place for entertainment.""",entertainment_kaggle,,,static,,2026-09-13T08:48:56.913228+00:00,False
entertainment_00284,ALHOKAIR TIME | الحكير تايم,Amusement center,3.8,3100,Madinah,Madinah,Saudi Arabia,"""Amusement place for all most especially for kids.""",entertainment_kaggle,,,static,,2026-09-13T08:48:56.913228+00:00,False
entertainment_00285,Tuwaiq Garden,Tourist attraction,4.4,535,Riyadh,Riyadh,Saudi Arabia,"""Beautiful place to jog. I enjoyed walking around the place to ...""",entertainment_kaggle,,,static,,2026-09-13T08:48:56.913228+00:00,False
entertainment_00286,Sparky's | سباركيز,Amusement center,3.4,18,Buraydah,Qassim,Saudi Arabia,,entertainment_kaggle,,,static,,2026-09-13T08:48:56.913228+00:00,False
entertainment_00287,I Love Riyadh Sign,Tourist attraction,4.5,50,Riyadh,Riyadh,Saudi Arabia,,entertainment_kaggle,,,static,,2026-09-13T08:48:56.913228+00:00,False
entertainment_00288,Sparky's,Children's amusement center,3.8,740,الظهرانDhahran,,Saudi Arabia,"""Good place for kids entertainment""",entertainment_kaggle,,,static,,2026-09-13T08:48:56.913228+00:00,False
entertainment_00289,Alsafat Square,Tourist attraction,4.4,1100,Riyadh,Riyadh,Saudi Arabia,"""This is my Home place""",entertainment_kaggle,,,static,,2026-09-13T08:48:56.913228+00:00,False
entertainment_00290,Saffori Land,Amusement center,4.0,1600,Riyadh,Riyadh,Saudi Arabia,"""Awesome place for children entertainment""",entertainment_kaggle,,,static,,2026-09-13T08:48:56.913228+00:00,False
entertainment_00291,Market DQ,Tourist attraction,2.5,4,Riyadh,Riyadh,Saudi Arabia,,entertainment_kaggle,,,static,,2026-09-13T08:48:56.913228+00:00,False
entertainment_00292,عين العباس,Tourist attraction,3.7,3,Riyadh,Riyadh,Saudi Arabia,"""Nice and quite place.""",entertainment_kaggle,,,static,,2026-09-13T08:48:56.913228+00:00,False
entertainment_00293,Sky Zone,Amusement center,4.0,3800,Riyadh,Riyadh,Saudi Arabia,"""Great place for entertainment.""",entertainment_kaggle,,,static,,2026-09-13T08:48:56.913228+00:00,False
entertainment_00294,ALHOKAIR TIME | الحكير تايم,Amusement center,3.8,3100,Madinah,Madinah,Saudi Arabia,"""Amusement place for all most especially for kids.""",entertainment_kaggle,,,static,,2026-09-13T08:48:56.913228+00:00,False
entertainment_00295,Tuwaiq Garden,Tourist attraction,4.4,535,Riyadh,Riyadh,Saudi Arabia,"""Beautiful place to jog. I enjoyed walking around the place to ...""",entertainment_kaggle,,,static,,2026-09-13T08:48:56.913228+00:00,False
entertainment_00296,Sparky's | سباركيز,Amusement center,3.4,18,Buraydah,Qassim,Saudi Arabia,,entertainment_kaggle,,,static,,2026-09-13T08:48:56.913228+00:00,False
entertainment_00297,I Love Riyadh Sign,Tourist attraction,4.5,50,Riyadh,Riyadh,Saudi Arabia,,entertainment_kaggle,,,static,,2026-09-13T08:48:56.913228+00:00,False
entertainment_00298,Sparky's,Children's amusement center,3.8,740,الظهرانDhahran,,Saudi Arabia,"""Good place for kids entertainment""",entertainment_kaggle,,,static,,2026-09-13T08:48:56.913228+00:00,False
entertainment_00299,Salam Park,Park,4.3,3900,Riyadh,Riyadh,Saudi Arabia,"""Has many areas for entertainment including boat riding.""",entertainment_kaggle,,,static,,2026-09-13T08:48:56.913228+00:00,False
entertainment_00300,بركس ابو عسلة,Tourist attraction,5.0,4,السلام العليا,,Saudi Arabia,,entertainment_kaggle,,,static,,2026-09-13T08:48:56.913228+00:00,False
entertainment_00301,Sphinx Rock,Nature preserve,4.4,11,عجاج,,Saudi Arabia,"""Superb off road location!""",entertainment_kaggle,,,static,,2026-09-13T08:48:56.913228+00:00,False
entertainment_00302,Round About,Tourist attraction,5.0,1,,,Saudi Arabia,,entertainment_kaggle,,,static,,2026-09-13T08:48:56.913228+00:00,False
entertainment_00303,واحة مصك توارن,Tourist attraction,4.8,11,Tuwarin,,Saudi Arabia,,entertainment_kaggle,,,static,,2026-09-13T08:48:56.913228+00:00,False
entertainment_00304,صلال المبروقة,Tourist attraction,4.8,13,,,Saudi Arabia,,entertainment_kaggle,,,static,,2026-09-13T08:48:56.913228+00:00,False
entertainment_00305,Boulevard World,Theme park,4.6,4700,Riyadh,Riyadh,Saudi Arabia,"""... experience, comparable to the world's entertainment areas.""",entertainment_kaggle,,,static,,2026-09-13T08:48:56.913228+00:00,False
entertainment_00306,Riyadh Safari,Park,3.9,1400,,,Saudi Arabia,"""Best place ever. It got so many entertaining stuff in it.""",entertainment_kaggle,,,static,,2026-09-13T08:48:56.913228+00:00,False
entertainment_00307,Sparky's | سباركيز,Amusement center,3.6,349,Alkharaj,,Saudi Arabia,"""Grear Fun place for kids. Very well maintained.""",entertainment_kaggle,,,static,,2026-09-13T08:48:56.913228+00:00,False
entertainment_00308,Manakh King Abdulaziz Park,Tourist attraction,3.8,2400,Riyadh,Riyadh,Saudi Arabia,"""It is very nice place. Especially for BarBQ.""",entertainment_kaggle,,,static,,2026-09-13T08:48:56.913228+00:00,False
entertainment_00309,Al Fazari Courtyard,Garden,4.0,34,Riyadh,Riyadh,Saudi Arabia,"""Just gets better with time a few really nice places to eat, with great ...""",entertainment_kaggle,,,static,,2026-09-13T08:48:56.913228+00:00,False
entertainment_00310,Al-Hayer Park Lake,Park,4.5,568,Riyadh,Riyadh,Saudi Arabia,"""A very nice place for entertainment with family""",entertainment_kaggle,,,static,,2026-09-13T08:48:56.913228+00:00,False
entertainment_00311,Round About,Tourist attraction,5.0,1,,,Saudi Arabia,,entertainment_kaggle,,,static,,2026-09-13T08:48:56.913228+00:00,False
entertainment_00312,واحة مصك توارن,Tourist attraction,4.8,11,Tuwarin,,Saudi Arabia,,entertainment_kaggle,,,static,,2026-09-13T08:48:56.913228+00:00,False
entertainment_00313,صلال المبروقة,Tourist attraction,4.8,13,,,Saudi Arabia,,entertainment_kaggle,,,static,,2026-09-13T08:48:56.913228+00:00,False
entertainment_00314,Boulevard World,Theme park,4.6,4700,Riyadh,Riyadh,Saudi Arabia,"""... experience, comparable to the world's entertainment areas.""",entertainment_kaggle,,,static,,2026-09-13T08:48:56.913228+00:00,False
entertainment_00315,Riyadh Safari,Park,3.9,1400,,,Saudi Arabia,"""Best place ever. It got so many entertaining stuff in it.""",entertainment_kaggle,,,static,,2026-09-13T08:48:56.913228+00:00,False
entertainment_00316,Sparky's | سباركيز,Amusement center,3.6,349,Alkharaj,,Saudi Arabia,"""Grear Fun place for kids. Very well maintained.""",entertainment_kaggle,,,static,,2026-09-13T08:48:56.913228+00:00,False
entertainment_00317,فزز هوا Fizz Hawa,Amusement center,4.6,2100,Riyadh,Riyadh,Saudi Arabia,"""It's vast and really good for the price compared to other places""",entertainment_kaggle,,,static,,2026-09-13T08:48:56.913228+00:00,False
entertainment_00318,Naquibs Pond,Tourist attraction,3.7,26,Riyadh,Riyadh,Saudi Arabia,"""Beautiful place during sunset""",entertainment_kaggle,,,static,,2026-09-13T08:48:56.913228+00:00,False
entertainment_00319,Cave Park,Park,4.0,25,Riyadh,Riyadh,Saudi Arabia,,entertainment_kaggle,,,static,,2026-09-13T08:48:56.913228+00:00,False
entertainment_00320,Snowy Forest,Amusement center,3.6,417,Riyadh,Riyadh,Saudi Arabia,,entertainment_kaggle,,,static,,2026-09-13T08:48:56.913228+00:00,False
entertainment_00321,Park Zoo in Al-Kharj,Tourist attraction,3.4,1400,Al-Kharj,,Saudi Arabia,"""Al_kharj small Zoo place for children and family entertainment, Lion, ...""",entertainment_kaggle,,,static,,2026-09-13T08:48:56.913228+00:00,False
entertainment_00322,Winter Wonderland,Theme park,4.2,6700,وحيدة,,Saudi Arabia,"""It’s the best entertainment place hosted by Riyadh season ever""",entertainment_kaggle,,,static,,2026-09-13T08:48:56.913228+00:00,False
entertainment_00323,Wadi Namar Waterfall,Tourist attraction,4.4,5900,Riyadh,Riyadh,Saudi Arabia,"""Wadi Nimar in Riyadh is my favorite place for entertainment""",entertainment_kaggle,,,static,,2026-09-13T08:48:56.913228+00:00,False
entertainment_00324,Sparky's,Amusement park,3.9,925,Riyadh,Riyadh,Saudi Arabia,"""Entertainment for kids""",entertainment_kaggle,,,static,,2026-09-13T08:48:56.913228+00:00,False
entertainment_00325,حديقة الفوطة,Park,3.7,6900,Riyadh,Riyadh,Saudi Arabia,"""Amazing place for entertainment.""",entertainment_kaggle,,,static,,2026-09-13T08:48:56.913228+00:00,False
entertainment_00326,مطل العماريه,Tourist attraction,3.9,338,,,Saudi Arabia,,entertainment_kaggle,,,static,,2026-09-13T08:48:56.913228+00:00,False
entertainment_00327,Salam Park,Park,4.3,3900,Riyadh,Riyadh,Saudi Arabia,"""Has many areas for entertainment including boat riding.""",entertainment_kaggle,,,static,,2026-09-13T08:48:56.913228+00:00,False
entertainment_00328,بركس ابو عسلة,Tourist attraction,5.0,4,السلام العليا,,Saudi Arabia,,entertainment_kaggle,,,static,,2026-09-13T08:48:56.913228+00:00,False
entertainment_00329,Sphinx Rock,Nature preserve,4.4,11,عجاج,,Saudi Arabia,"""Superb off road location!""",entertainment_kaggle,,,static,,2026-09-13T08:48:56.913228+00:00,False
entertainment_00330,Round About,Amusement center,3.6,417,Riyadh,Riyadh,Saudi Arabia,,entertainment_kaggle,,,static,,2026-09-13T08:48:56.913228+00:00,False
entertainment_00331,Park Zoo in Al-Kharj,Tourist attraction,3.4,1400,Al-Kharj,,Saudi Arabia,"""Al_kharj small Zoo place for children and family entertainment, Lion, ...""",entertainment_kaggle,,,static,,2026-09-13T08:48:56.913228+00:00,False
entertainment_00332,Winter Wonderland,Theme park,4.2,6700,وحيدة,,Saudi Arabia,"""It’s the best entertainment place hosted by Riyadh season ever""",entertainment_kaggle,,,static,,2026-09-13T08:48:56.913228+00:00,False
entertainment_00333,Wadi Namar Waterfall,Tourist attraction,4.4,5900,Riyadh,Riyadh,Saudi Arabia,"""Wadi Nimar in Riyadh is my favorite place for entertainment""",entertainment_kaggle,,,static,,2026-09-13T08:48:56.913228+00:00,False
entertainment_00334,Sparky's,Amusement park,3.9,925,Riyadh,Riyadh,Saudi Arabia,"""Entertainment for kids""",entertainment_kaggle,,,static,,2026-09-13T08:48:56.913228+00:00,False
entertainment_00335,حديقة الفوطة,Park,3.7,6900,Riyadh,Riyadh,Saudi Arabia,"""Amazing place for entertainment.""",entertainment_kaggle,,,static,,2026-09-13T08:48:56.913228+00:00,False
entertainment_00336,مطل العماريه,Tourist attraction,3.9,338,,,Saudi Arabia,,entertainment_kaggle,,,static,,2026-09-13T08:48:56.913228+00:00,False
entertainment_00337,TAKENDA,Amusement park,4.2,37,Riyadh,Riyadh,Saudi Arabia,"""Nice family entertainment places""",entertainment_kaggle,,,static,,2026-09-13T08:48:56.913228+00:00,False
entertainment_00338,RMROMA LAND,Theme park,2.9,21,Dammam,Eastern Province,Saudi Arabia,"""Entertainment for children🤩🤩 but dangerous for parents 🤣🤣🤑🤑.. Lovely place.""",entertainment_kaggle,,,static,,2026-09-13T08:48:56.913228+00:00,False
entertainment_00339,Saudi Television Tower,Tourist attraction,4.4,224,Riyadh,Riyadh,Saudi Arabia,"""nice place and nice people inside tv station.""",entertainment_kaggle,,,static,,2026-09-13T08:48:56.913228+00:00,False
entertainment_00340,Ahaji Escape Rooms أحاجي,Escape room center,4.8,1100,Riyadh,Riyadh,Saudi Arabia,"""Very entertaining place with very humble and great staff""",entertainment_kaggle,,,static,,2026-09-13T08:48:56.913228+00:00,False
entertainment_00341,بداية المسار,Hiking area,4.6,16,Al Moqbel Palaces,,Saudi Arabia,,entertainment_kaggle,,,static,,2026-09-13T08:48:56.913228+00:00,False
entertainment_00342,Saudi Discovery,Travel agency,4.9,15,Riyadh,Riyadh,Saudi Arabia,"""We visited several historical sites such as the Masmak Fortress and ...""",entertainment_kaggle,,,static,,2026-09-13T08:48:56.913228+00:00,False
entertainment_00343,sparkys,Amusement park,3.8,646,Riyadh,Riyadh,Saudi Arabia,"""All games working and having Operational technical stuff.""",entertainment_kaggle,,,static,,2026-09-13T08:48:56.913228+00:00,False
entertainment_00344,Planet X,Amusement center,3.9,109,Riyadh,Riyadh,Saudi Arabia,"""The place has a hydraulic driving rig with a bunch of games on it.""",entertainment_kaggle,,,static,,2026-09-13T08:48:56.913228+00:00,False
entertainment_00345,Mazebox Escape Room,Escape room center,4.5,1200,Jeddah,Makkah,Saudi Arabia,"""It's a really nice place. We had fun good price.""",entertainment_kaggle,,,static,,2026-09-13T08:48:56.913228+00:00,False
entertainment_00346,Family Park,Park,4.1,98,Riyadh,Riyadh,Saudi Arabia,"""OMG i was walking around and I saw the skinny legend queen jiafei ...""",entertainment_kaggle,,,static,,2026-09-13T08:48:56.913228+00:00,False
entertainment_00347,فزز هوا Fizz Hawa,Amusement center,4.6,2100,Riyadh,Riyadh,Saudi Arabia,"""It's vast and really good for the price compared to other places""",entertainment_kaggle,,,static,,2026-09-13T08:48:56.913228+00:00,False
entertainment_00348,Naquibs Pond,Tourist attraction,3.7,26,Riyadh,Riyadh,Saudi Arabia,"""Beautiful place during sunset""",entertainment_kaggle,,,static,,2026-09-13T08:48:56.913228+00:00,False
entertainment_00349,Cave Park,Park,4.0,25,Riyadh,Riyadh,Saudi Arabia,,entertainment_kaggle,,,static,,2026-09-13T08:48:56.913228+00:00,False
entertainment_00350,Snowy Forest,Escape room center,3.6,1100,Riyadh,Riyadh,Saudi Arabia,"""Very entertaining place with very humble and great staff""",entertainment_kaggle,,,static,,2026-09-13T08:48:56.913228+00:00,False
entertainment_00351,بداية المسار,Hiking area,4.6,16,Al Moqbel Palaces,,Saudi Arabia,,entertainment_kaggle,,,static,,2026-09-13T08:48:56.913228+00:00,False
entertainment_00352,Saudi Discovery,Travel agency,4.9,15,Riyadh,Riyadh,Saudi Arabia,"""We visited several historical sites such as the Masmak Fortress and ...""",entertainment_kaggle,,,static,,2026-09-13T08:48:56.913228+00:00,False
entertainment_00353,sparkys,Amusement park,3.8,646,Riyadh,Riyadh,Saudi Arabia,"""All games working and having Operational technical stuff.""",entertainment_kaggle,,,static,,2026-09-13T08:48:56.913228+00:00,False
entertainment_00354,Planet X,Amusement center,3.9,109,Riyadh,Riyadh,Saudi Arabia,"""The place has a hydraulic driving rig with a bunch of games on it.""",entertainment_kaggle,,,static,,2026-09-13T08:48:56.913228+00:00,False
entertainment_00355,Mazebox Escape Room,Escape room center,4.5,1200,Jeddah,Makkah,Saudi Arabia,"""It's a really nice place. We had fun good price.""",entertainment_kaggle,,,static,,2026-09-13T08:48:56.913228+00:00,False
entertainment_00356,Family Park,Park,4.1,98,Riyadh,Riyadh,Saudi Arabia,"""OMG i was walking around and I saw the skinny legend queen jiafei ...""",entertainment_kaggle,,,static,,2026-09-13T08:48:56.913228+00:00,False
entertainment_00357,Sky Zone,Amusement center,3.9,1000,Riyadh,Riyadh,Saudi Arabia,"""My favourite place ..""",entertainment_kaggle,,,static,,2026-09-13T08:48:56.913228+00:00,False
entertainment_00358,Snowy Forest | سنوي فورست,Amusement center,2.8,97,Jeddah,Makkah,Saudi Arabia,,entertainment_kaggle,,,static,,2026-09-13T08:48:56.913228+00:00,False
entertainment_00359,Hello Park,Park,4.6,55,Riyadh,Riyadh,Saudi Arabia,,entertainment_kaggle,,,static,,2026-09-13T08:48:56.913228+00:00,False
entertainment_00360,Modon Lake Park,Tourist attraction,4.3,4900,Dammam,Eastern Province,Saudi Arabia,"""Good place for entertainment""",entertainment_kaggle,,,static,,2026-09-13T08:48:56.913228+00:00,False
entertainment_00361,Lake park View point,Park,4.5,62,Riyadh,Riyadh,Saudi Arabia,,entertainment_kaggle,,,static,,2026-09-13T08:48:56.913228+00:00,False
entertainment_00362,Escape The Room - Riyadh,Escape room center,4.7,2000,Riyadh,Riyadh,Saudi Arabia,"""Best entertainment Place for family’s and friends in Riyadh !!""",entertainment_kaggle,,,static,,2026-09-13T08:48:56.913228+00:00,False
entertainment_00363,DOOMIDOO,Children's amusement center,3.9,573,Riyadh,Riyadh,Saudi Arabia,Closes soon ⋅ 9:30 pm,entertainment_kaggle,,,static,,2026-09-13T08:48:56.913228+00:00,False
entertainment_00364,Riyadh Water Tower,Tourist attraction,4.3,2100,Riyadh,Riyadh,Saudi Arabia,"""Nice Location for kids""",entertainment_kaggle,,,static,,2026-09-13T08:48:56.913228+00:00,False
entertainment_00365,Nofa Wildlife Park,Wildlife and safari park,4.2,466,Riyadh,Riyadh,Saudi Arabia,Closed ⋅ Opens 8 am Wed,entertainment_kaggle,,,static,,2026-09-13T08:48:56.913228+00:00,False
entertainment_00366,Sulai,Garden,4.0,1,Riyadh,Riyadh,Saudi Arabia,,entertainment_kaggle,,,static,,2026-09-13T08:48:56.913228+00:00,False
entertainment_00367,TAKENDA,Amusement park,4.2,37,Riyadh,Riyadh,Saudi Arabia,"""Nice family entertainment places""",entertainment_kaggle,,,static,,2026-09-13T08:48:56.913228+00:00,False
entertainment_00368,RMROMA LAND,Theme park,2.9,21,Dammam,Eastern Province,Saudi Arabia,"""Entertainment for children🤩🤩 but dangerous for parents 🤣🤣🤑🤑.. Lovely place.""",entertainment_kaggle,,,static,,2026-09-13T08:48:56.913228+00:00,False
entertainment_00369,Saudi Television Tower,Tourist attraction,4.4,224,Riyadh,Riyadh,Saudi Arabia,"""nice place and nice people inside tv station.""",entertainment_kaggle,,,static,,2026-09-13T08:48:56.913228+00:00,False
entertainment_00370,Ahaji Escape Rooms أحاجي,Tourist attraction,4.8,4900,Dammam,Eastern Province,Saudi Arabia,"""Good place for entertainment""",entertainment_kaggle,,,static,,2026-09-13T08:48:56.913228+00:00,False
entertainment_00371,Lake park View point,Park,4.5,62,Riyadh,Riyadh,Saudi Arabia,,entertainment_kaggle,,,static,,2026-09-13T08:48:56.913228+00:00,False
entertainment_00372,Escape The Room - Riyadh,Escape room center,4.7,2000,Riyadh,Riyadh,Saudi Arabia,"""Best entertainment Place for family’s and friends in Riyadh !!""",entertainment_kaggle,,,static,,2026-09-13T08:48:56.913228+00:00,False
entertainment_00373,DOOMIDOO,Children's amusement center,3.9,573,Riyadh,Riyadh,Saudi Arabia,Closes soon ⋅ 9:30 pm,entertainment_kaggle,,,static,,2026-09-13T08:48:56.913228+00:00,False
entertainment_00374,Riyadh Water Tower,Tourist attraction,4.3,2100,Riyadh,Riyadh,Saudi Arabia,"""Nice Location for kids""",entertainment_kaggle,,,static,,2026-09-13T08:48:56.913228+00:00,False
entertainment_00375,Nofa Wildlife Park,Wildlife and safari park,4.2,466,Riyadh,Riyadh,Saudi Arabia,Closed ⋅ Opens 8 am Wed,entertainment_kaggle,,,static,,2026-09-13T08:48:56.913228+00:00,False
entertainment_00376,Sulai,Garden,4.0,1,Riyadh,Riyadh,Saudi Arabia,,entertainment_kaggle,,,static,,2026-09-13T08:48:56.913228+00:00,False
entertainment_00377,Chuck E. Cheese's,,3.8,3100,Riyadh,Riyadh,Saudi Arabia,"""Excellent kids and family entertainment place""",entertainment_kaggle,,,static,,2026-09-13T08:48:56.913228+00:00,False
entertainment_00378,Ammaria cleft,Tourist attraction,3.8,33,,,Saudi Arabia,"""Amazing location, worth a visit.""",entertainment_kaggle,,,static,,2026-09-13T08:48:56.913228+00:00,False
entertainment_00379,King Khalid Grand Mosque,Tourist attraction,4.8,10000,Riyadh,Riyadh,Saudi Arabia,Worship hall with stain-glass windows,entertainment_kaggle,,,static,,2026-09-13T08:48:56.913228+00:00,False
entertainment_00380,Lake park Riyadh,Tourist attraction,4.4,703,Riyadh,Riyadh,Saudi Arabia,"""A place away from the hustle and bustle of city.""",entertainment_kaggle,,,static,,2026-09-13T08:48:56.913228+00:00,False
entertainment_00381,IS IT REAL?,Tourist attraction,4.7,10,Riyadh,Riyadh,Saudi Arabia,,entertainment_kaggle,,,static,,2026-09-13T08:48:56.913228+00:00,False
entertainment_00382,Chuck E Cheese's,,4.1,4300,Riyadh,Riyadh,Saudi Arabia,"""a place where kids can have fun and their parents too!""",entertainment_kaggle,,,static,,2026-09-13T08:48:56.913228+00:00,False
entertainment_00383,مركز كفك للترفيه - هاي فايف Hi 5,Amusement center,4.3,106,Riyadh,Riyadh,Saudi Arabia,"""Great place for kids for entertainment""",entertainment_kaggle,,,static,,2026-09-13T08:48:56.913228+00:00,False
entertainment_00384,Woosh,Recreation center,4.2,2100,Riyadh,Riyadh,Saudi Arabia,"""A nice place to spend some time with your kids.""",entertainment_kaggle,,,static,,2026-09-13T08:48:56.913228+00:00,False
entertainment_00385,اسكيب مشن | Escape Mission,Escape room center,4.6,436,Riyadh,Riyadh,Saudi Arabia,"""Fun place, intelligent games and reasonable price range for activities.""",entertainment_kaggle,,,static,,2026-09-13T08:48:56.913228+00:00,False
entertainment_00386,Sky Zone,Amusement center,3.9,1000,Riyadh,Riyadh,Saudi Arabia,"""My favourite place ..""",entertainment_kaggle,,,static,,2026-09-13T08:48:56.913228+00:00,False
entertainment_00387,Snowy Forest | سنوي فورست,Amusement center,2.8,97,Jeddah,Makkah,Saudi Arabia,,entertainment_kaggle,,,static,,2026-09-13T08:48:56.913228+00:00,False
entertainment_00388,Hello Park,Park,4.6,55,Riyadh,Riyadh,Saudi Arabia,,entertainment_kaggle,,,static,,2026-09-13T08:48:56.913228+00:00,False
entertainment_00389,IS IT REAL?,Tourist attraction,4.7,10,Riyadh,Riyadh,Saudi Arabia,,entertainment_kaggle,,,static,,2026-09-13T08:48:56.913228+00:00,False
entertainment_00390,Chuck E Cheese's,,4.1,4300,Riyadh,Riyadh,Saudi Arabia,"""a place where kids can have fun and their parents too!""",entertainment_kaggle,,,static,,2026-09-13T08:48:56.913228+00:00,False
entertainment_00391,مركز كفك للترفيه - هاي فايف Hi 5,Amusement center,4.3,106,Riyadh,Riyadh,Saudi Arabia,"""Great place for kids for entertainment""",entertainment_kaggle,,,static,,2026-09-13T08:48:56.913228+00:00,False
entertainment_00392,Woosh,Recreation center,4.2,2100,Riyadh,Riyadh,Saudi Arabia,"""A nice place to spend some time with your kids.""",entertainment_kaggle,,,static,,2026-09-13T08:48:56.913228+00:00,False
entertainment_00393,اسكيب مشن | Escape Mission,Escape room center,4.6,436,Riyadh,Riyadh,Saudi Arabia,"""Fun place, intelligent games and reasonable price range for activities.""",entertainment_kaggle,,,static,,2026-09-13T08:48:56.913228+00:00,False
entertainment_00394,shifa,Country park,4.4,504,Riyadh,Riyadh,Saudi Arabia,"""A super relaxing place in riyadh""",entertainment_kaggle,,,static,,2026-09-13T08:48:56.913228+00:00,False
entertainment_00395,Umluj Beach,State park,4.4,1200,Umluj,,Saudi Arabia,Clear-water beach for diving & birding,entertainment_kaggle,,,static,,2026-09-13T08:48:56.913228+00:00,False
entertainment_00396,Billy Beez City,Children's amusement center,3.5,609,Riyadh,Riyadh,Saudi Arabia,"""Billy Beez City my favorite place...even me I enjoy and love this place...""",entertainment_kaggle,,,static,,2026-09-13T08:48:56.913228+00:00,False
entertainment_00397,جامع سليمان الراجحي,Tourist attraction,4.8,27000,Riyadh,Riyadh,Saudi Arabia,Closed ⋅ Opens 4 am Wed,entertainment_kaggle,,,static,,2026-09-13T08:48:56.913228+00:00,False
entertainment_00398,سفوري لاند | Safforiland,Amusement park,3.4,59,Buraydah,Qassim,Saudi Arabia,,entertainment_kaggle,,,static,,2026-09-13T08:48:56.913228+00:00,False
entertainment_00399,Al Douh Park,Tourist attraction,3.6,4700,Riyadh,Riyadh,Saudi Arabia,"""Really good place to relax😀""",entertainment_kaggle,,,static,,2026-09-13T08:48:56.913228+00:00,False
entertainment_00400,Lake Park,Tourist attraction,4.5,2100,Al Mithnab,,Saudi Arabia,"""I am gonna tell my friends about the place""",entertainment_kaggle,,,static,,2026-09-13T08:48:56.913228+00:00,False
entertainment_00401,Nofa wild life park and safari,Wildlife and safari park,4.4,199,Khubayb Al Reem,,Saudi Arabia,,entertainment_kaggle,,,static,,2026-09-13T08:48:56.913228+00:00,False
entertainment_00402,Lambee Tily,Amusement center,4.2,1200,Riyadh,Riyadh,Saudi Arabia,"""NYC place... Kidz njying.... Tq waad for helping kidz...""",entertainment_kaggle,,,static,,2026-09-13T08:48:56.913228+00:00,False
entertainment_00403,Wadi Park,Tourist attraction,4.0,2400,Riyadh,Riyadh,Saudi Arabia,Palm-shaded park for walks & kids’ games,entertainment_kaggle,,,static,,2026-09-13T08:48:56.913228+00:00,False
entertainment_00404,Chuck E. Cheese's,,3.8,3100,Riyadh,Riyadh,Saudi Arabia,"""Excellent kids and family entertainment place""",entertainment_kaggle,,,static,,2026-09-13T08:48:56.913228+00:00,False
entertainment_00405,Ammaria cleft,Tourist attraction,3.8,33,,,Saudi Arabia,"""Amazing location, worth a visit.""",entertainment_kaggle,,,static,,2026-09-13T08:48:56.913228+00:00,False
entertainment_00406,King Khalid Grand Mosque,Tourist attraction,4.8,10000,Riyadh,Riyadh,Saudi Arabia,Worship hall with stain-glass windows,entertainment_kaggle,,,static,,2026-09-13T08:48:56.913228+00:00,False
entertainment_00407,Lake park Riyadh,Tourist attraction,4.4,703,Riyadh,Riyadh,Saudi Arabia,Closed ⋅ Opens 4 am Wed,entertainment_kaggle,,,static,,2026-09-13T08:48:56.913228+00:00,False
entertainment_00408,سفوري لاند | Safforiland,Amusement park,3.4,59,Buraydah,Qassim,Saudi Arabia,,entertainment_kaggle,,,static,,2026-09-13T08:48:56.913228+00:00,False
entertainment_00409,Al Douh Park,Tourist attraction,3.6,4700,Riyadh,Riyadh,Saudi Arabia,"""Really good place to relax😀""",entertainment_kaggle,,,static,,2026-09-13T08:48:56.913228+00:00,False
entertainment_00410,Lake Park,Tourist attraction,4.5,2100,Al Mithnab,,Saudi Arabia,"""I am gonna tell my friends about the place""",entertainment_kaggle,,,static,,2026-09-13T08:48:56.913228+00:00,False
entertainment_00411,Nofa wild life park and safari,Wildlife and safari park,4.4,199,Khubayb Al Reem,,Saudi Arabia,,entertainment_kaggle,,,static,,2026-09-13T08:48:56.913228+00:00,False
entertainment_00412,Lambee Tily,Amusement center,4.2,1200,Riyadh,Riyadh,Saudi Arabia,"""NYC place... Kidz njying.... Tq waad for helping kidz...""",entertainment_kaggle,,,static,,2026-09-13T08:48:56.913228+00:00,False
entertainment_00413,Wadi Park,Tourist attraction,4.0,2400,Riyadh,Riyadh,Saudi Arabia,Palm-shaded park for walks & kids’ games,entertainment_kaggle,,,static,,2026-09-13T08:48:56.913228+00:00,False
entertainment_00414,Al Musawkaf Market,Tourist attraction,4.2,4100,Unayzah,Qassim,Saudi Arabia,Closes soon ⋅ 9:30 pm,entertainment_kaggle,,,static,,2026-09-13T08:48:56.913228+00:00,False
entertainment_00415,Sala Hub,Children's amusement center,4.1,14,Riyadh,Riyadh,Saudi Arabia,Open now,entertainment_kaggle,,,static,,2026-09-13T08:48:56.913228+00:00,False
entertainment_00416,Oz Lounge,Amusement center,3.8,743,Riyadh,Riyadh,Saudi Arabia,"""A cafe and a restaurant.""",entertainment_kaggle,,,static,,2026-09-13T08:48:56.913228+00:00,False
entertainment_00417,محمية الوعول,National reserve,4.0,950,بوضان,,Saudi Arabia,Desert reserve with native wildlife,entertainment_kaggle,,,static,,2026-09-13T08:48:56.913228+00:00,False
entertainment_00418,Happy Cheese,Children's amusement center,4.6,2700,Riyadh,Riyadh,Saudi Arabia,Takeaway,entertainment_kaggle,,,static,,2026-09-13T08:48:56.913228+00:00,False
entertainment_00419,The Escape Hotel,Escape room center,4.5,313,Riyadh,Riyadh,Saudi Arabia,,entertainment_kaggle,,,static,,2026-09-13T08:48:56.913228+00:00,False
entertainment_00420,Uplay,Children's amusement center,3.6,253,Riyadh,Riyadh,Saudi Arabia,"""Best place to take you kids away from TV/iPad""",entertainment_kaggle,,,static,,2026-09-13T08:48:56.913228+00:00,False
entertainment_00421,faylaqia,Tourist attraction,5.0,15,Ushaiqer,,Saudi Arabia,,entertainment_kaggle,,,static,,2026-09-13T08:48:56.913228+00:00,False
entertainment_00422,shifa,Country park,4.4,504,Riyadh,Riyadh,Saudi Arabia,"""A super relaxing place in riyadh""",entertainment_kaggle,,,static,,2026-09-13T08:48:56.913228+00:00,False
entertainment_00423,Umluj Beach,State park,4.4,1200,Umluj,,Saudi Arabia,Clear-water beach for diving & birding,entertainment_kaggle,,,static,,2026-09-13T08:48:56.913228+00:00,False
entertainment_00424,Billy Beez City,Children's amusement center,3.5,609,Riyadh,Riyadh,Saudi Arabia,"""Billy Beez City my favorite place...even me I enjoy and love this place...""",entertainment_kaggle,,,static,,2026-09-13T08:48:56.913228+00:00,False
entertainment_00425,جامع سليمان الراجحي,Tourist attraction,4.8,27000,Riyadh,Riyadh,Saudi Arabia,Closed ⋅ Opens 4 am Wed,entertainment_kaggle,,,static,,2026-09-13T08:48:56.913228+00:00,False
entertainment_00426,Happy Cheese,Children's amusement center,4.6,2700,Riyadh,Riyadh,Saudi Arabia,Takeaway,entertainment_kaggle,,,static,,2026-09-13T08:48:56.913228+00:00,False
entertainment_00427,The Escape Hotel,Escape room center,4.5,313,Riyadh,Riyadh,Saudi Arabia,,entertainment_kaggle,,,static,,2026-09-13T08:48:56.913228+00:00,False
entertainment_00428,Uplay,Children's amusement center,3.6,253,Riyadh,Riyadh,Saudi Arabia,"""Best place to take you kids away from TV/iPad""",entertainment_kaggle,,,static,,2026-09-13T08:48:56.913228+00:00,False
entertainment_00429,faylaqia,Tourist attraction,5.0,15,Ushaiqer,,Saudi Arabia,,entertainment_kaggle,,,static,,2026-09-13T08:48:56.913228+00:00,False
entertainment_00430,The Hidden Valley,Hiking area,4.8,4,,,Saudi Arabia,,entertainment_kaggle,,,static,,2026-09-13T08:48:56.913228+00:00,False
entertainment_00431,Al Shaeeb Park,Tourist attraction,4.0,2100,Riyadh,Riyadh,Saudi Arabia,,entertainment_kaggle,,,static,,2026-09-13T08:48:56.913228+00:00,False
entertainment_00432,Natural Arch Riyadh,Hiking area,4.6,98,,,Saudi Arabia,,entertainment_kaggle,,,static,,2026-09-13T08:48:56.913228+00:00,False
entertainment_00433,أفاتار للترفية,Amusement center,3.7,725,Riyadh,Riyadh,Saudi Arabia,"""Vary fun place , they can easily spend 6 hours without notice 😍😍""",entertainment_kaggle,,,static,,2026-09-13T08:48:56.913228+00:00,False
entertainment_00434,Tomb of Lihyan son of Kuza,Historical landmark,4.6,552,Hegra,,Saudi Arabia,"""Living place of Samood's.""",entertainment_kaggle,,,static,,2026-09-13T08:48:56.913228+00:00,False
entertainment_00435,حديقة الفيحاء الأولى,Garden,3.9,201,Riyadh,Riyadh,Saudi Arabia,,entertainment_kaggle,,,static,,2026-09-13T08:48:56.913228+00:00,False
entertainment_00436,Universal Bowling Center,Bowling alley,4.2,5000,Riyadh,Riyadh,Saudi Arabia,"""Family place entertainment""",entertainment_kaggle,,,static,,2026-09-13T08:48:56.913228+00:00,False
entertainment_00437,تشكي تشيز,,4.0,2400,Riyadh,Riyadh,Saudi Arabia,,entertainment_kaggle,,,static,,2026-09-13T08:48:56.913228+00:00,False
entertainment_00438,King Fahad library Park,Park,4.3,65,Riyadh,Riyadh,Saudi Arabia,,entertainment_kaggle,,,static,,2026-09-13T08:48:56.913228+00:00,False
entertainment_00439,Al Musawkaf Market,Tourist attraction,4.2,4100,Unayzah,Qassim,Saudi Arabia,Closes soon ⋅ 9:30 pm,entertainment_kaggle,,,static,,2026-09-13T08:48:56.913228+00:00,False
entertainment_00440,Sala Hub,Children's amusement center,4.1,14,Riyadh,Riyadh,Saudi Arabia,Open now,entertainment_kaggle,,,static,,2026-09-13T08:48:56.913228+00:00,False
entertainment_00441,Oz Lounge,Amusement center,3.8,743,Riyadh,Riyadh,Saudi Arabia,"""A cafe and a restaurant.""",entertainment_kaggle,,,static,,2026-09-13T08:48:56.913228+00:00,False
entertainment_00442,محمية الوعول,Historical landmark,4.6,552,Hegra,,Saudi Arabia,"""Living place of Samood's.""",entertainment_kaggle,,,static,,2026-09-13T08:48:56.913228+00:00,False
entertainment_00443,حديقة الفيحاء الأولى,Garden,3.9,201,Riyadh,Riyadh,Saudi Arabia,,entertainment_kaggle,,,static,,2026-09-13T08:48:56.913228+00:00,False
entertainment_00444,Universal Bowling Center,Bowling alley,4.2,5000,Riyadh,Riyadh,Saudi Arabia,"""Family place entertainment""",entertainment_kaggle,,,static,,2026-09-13T08:48:56.913228+00:00,False
entertainment_00445,تشكي تشيز,,4.0,2400,Riyadh,Riyadh,Saudi Arabia,,entertainment_kaggle,,,static,,2026-09-13T08:48:56.913228+00:00,False
entertainment_00446,King Fahad library Park,Park,4.3,65,Riyadh,Riyadh,Saudi Arabia,,entertainment_kaggle,,,static,,2026-09-13T08:48:56.913228+00:00,False
entertainment_00447,Chuck E. Cheese,,4.1,1600,Riyadh,Riyadh,Saudi Arabia,"""Great place for kids entertainment""",entertainment_kaggle,,,static,,2026-09-13T08:48:56.913228+00:00,False
entertainment_00448,Kids Gym,Children's amusement center,4.0,95,Riyadh,Riyadh,Saudi Arabia,,entertainment_kaggle,,,static,,2026-09-13T08:48:56.913228+00:00,False
entertainment_00449,الخزامى وادي حنيفه,Hiking area,4.5,26,Riyadh,Riyadh,Saudi Arabia,,entertainment_kaggle,,,static,,2026-09-13T08:48:56.913228+00:00,False
entertainment_00450,Go Bowling & Laser Strike | Makan Mall,Video arcade,4.2,283,Riyadh,Riyadh,Saudi Arabia,"""Very nice place for entertainment❤❤❤""",entertainment_kaggle,,,static,,2026-09-13T08:48:56.913228+00:00,False
entertainment_00451,Dhurma,Garden,3.8,142,Dhurma,,Saudi Arabia,"""Beatiful tinny city near Riyadh""",entertainment_kaggle,,,static,,2026-09-13T08:48:56.913228+00:00,False
entertainment_00452,ChuckE cheese,,4.3,3000,Riyadh,Riyadh,Saudi Arabia,Takeaway,entertainment_kaggle,,,static,,2026-09-13T08:48:56.913228+00:00,False
entertainment_00453,مركز الصملة للترفيه | ALSAMLAH,Amusement center,4.1,451,Riyadh,Riyadh,Saudi Arabia,,entertainment_kaggle,,,static,,2026-09-13T08:48:56.913228+00:00,False
entertainment_00454,Chuck E. Cheese,Theme park,4.1,544,Buraydah,Qassim,Saudi Arabia,,entertainment_kaggle,,,static,,2026-09-13T08:48:56.913228+00:00,False
entertainment_00455,Masjid Diplomatic Quarters,Tourist attraction,4.6,77,Riyadh,Riyadh,Saudi Arabia,,entertainment_kaggle,,,static,,2026-09-13T08:48:56.913228+00:00,False
entertainment_00456,Lonely Castle,Museum,5.0,5,Hegra,,Saudi Arabia,,entertainment_kaggle,,,static,,2026-09-13T08:48:56.913228+00:00,False
entertainment_00457,The Hidden Valley,Hiking area,4.8,4,,,Saudi Arabia,,entertainment_kaggle,,,static,,2026-09-13T08:48:56.913228+00:00,False
entertainment_00458,Al Shaeeb Park,Tourist attraction,4.0,2100,Riyadh,Riyadh,Saudi Arabia,,entertainment_kaggle,,,static,,2026-09-13T08:48:56.913228+00:00,False
entertainment_00459,Natural Arch Riyadh,Hiking area,4.6,98,,,Saudi Arabia,,entertainment_kaggle,,,static,,2026-09-13T08:48:56.913228+00:00,False
entertainment_00460,أفاتار للترفية,Amusement center,3.7,725,Riyadh,Riyadh,Saudi Arabia,"""Vary fun place , they can easily spend 6 hours without notice 😍😍""",entertainment_kaggle,,,static,,2026-09-13T08:48:56.913228+00:00,False
entertainment_00461,ChuckE cheese,,4.3,3000,Riyadh,Riyadh,Saudi Arabia,Takeaway,entertainment_kaggle,,,static,,2026-09-13T08:48:56.913228+00:00,False
entertainment_00462,مركز الصملة للترفيه | ALSAMLAH,Amusement center,4.1,451,Riyadh,Riyadh,Saudi Arabia,,entertainment_kaggle,,,static,,2026-09-13T08:48:56.913228+00:00,False
entertainment_00463,Chuck E. Cheese,Theme park,4.1,544,Buraydah,Qassim,Saudi Arabia,,entertainment_kaggle,,,static,,2026-09-13T08:48:56.913228+00:00,False
entertainment_00464,Masjid Diplomatic Quarters,Tourist attraction,4.6,77,Riyadh,Riyadh,Saudi Arabia,,entertainment_kaggle,,,static,,2026-09-13T08:48:56.913228+00:00,False
entertainment_00465,Lonely Castle,Museum,5.0,5,Hegra,,Saudi Arabia,,entertainment_kaggle,,,static,,2026-09-13T08:48:56.913228+00:00,False
entertainment_00466,Syrup,Corporate office,4.5,406,Riyadh,Riyadh,Saudi Arabia,"""A go to place for entertainment in Riyadh""",entertainment_kaggle,,,static,,2026-09-13T08:48:56.913228+00:00,False
entertainment_00467,Khararah Lake,Park,4.2,958,Al Muzahimiyah,Riyadh,Saudi Arabia,,entertainment_kaggle,,,static,,2026-09-13T08:48:56.913228+00:00,False
entertainment_00468,Kingdom Centre,Shopping mall,4.4,24000,Riyadh,Riyadh,Saudi Arabia,"""Amazing place center of Riyadh a kingdom Tower located at olaya rd.""",entertainment_kaggle,,,static,,2026-09-13T08:48:56.913228+00:00,False
entertainment_00469,Bujairi Terrace,Tourist attraction,4.4,560,Riyadh,Riyadh,Saudi Arabia,Dine-in·,entertainment_kaggle,,,static,,2026-09-13T08:48:56.913228+00:00,False
entertainment_00470,البوليفارد الجديد,Tourist attraction,4.7,1500,Riyadh,Riyadh,Saudi Arabia,"""And very good locations""",entertainment_kaggle,,,static,,2026-09-13T08:48:56.913228+00:00,False
entertainment_00471,Triangle Park,Garden,3.9,109,Riyadh,Riyadh,Saudi Arabia,,entertainment_kaggle,,,static,,2026-09-13T08:48:56.913228+00:00,False
entertainment_00472,Chuck E Cheese's,,4.1,2400,Riyadh,Riyadh,Saudi Arabia,"""Best kid's and family entertainment place""",entertainment_kaggle,,,static,,2026-09-13T08:48:56.913228+00:00,False
entertainment_00473,شعيب حريملاء,Park,4.5,324,Huraymila,,Saudi Arabia,,entertainment_kaggle,,,static,,2026-09-13T08:48:56.913228+00:00,False
entertainment_00474,Firstaiment,Paintball center,4.0,1900,Riyadh,Riyadh,Saudi Arabia,"""amazing and entertaining""",entertainment_kaggle,,,static,,2026-09-13T08:48:56.913228+00:00,False
entertainment_00475,العاذرية للطيران الرياضي,Amusement center,4.5,99,Riyadh,Riyadh,Saudi Arabia,Closed ⋅ Opens 2:30 pm Wed,entertainment_kaggle,,,static,,2026-09-13T08:48:56.913228+00:00,False
entertainment_00476,Chuck E. Cheese,,4.1,1600,Riyadh,Riyadh,Saudi Arabia,"""Great place for kids entertainment""",entertainment_kaggle,,,static,,2026-09-13T08:48:56.913228+00:00,False
entertainment_00477,Kids Gym,Children's amusement center,4.0,95,Riyadh,Riyadh,Saudi Arabia,,entertainment_kaggle,,,static,,2026-09-13T08:48:56.913228+00:00,False
entertainment_00478,الخزامى وادي حنيفه,Hiking area,4.5,26,Riyadh,Riyadh,Saudi Arabia,,entertainment_kaggle,,,static,,2026-09-13T08:48:56.913228+00:00,False
entertainment_00479,Go Bowling & Laser Strike | Makan Mall,Video arcade,4.2,283,Riyadh,Riyadh,Saudi Arabia,Dine-in·,entertainment_kaggle,,,static,,2026-09-13T08:48:56.913228+00:00,False
entertainment_00480,البوليفارد الجديد,Tourist attraction,4.7,1500,Riyadh,Riyadh,Saudi Arabia,"""And very good locations""",entertainment_kaggle,,,static,,2026-09-13T08:48:56.913228+00:00,False
entertainment_00481,Triangle Park,Garden,3.9,109,Riyadh,Riyadh,Saudi Arabia,,entertainment_kaggle,,,static,,2026-09-13T08:48:56.913228+00:00,False
entertainment_00482,Chuck E Cheese's,,4.1,2400,Riyadh,Riyadh,Saudi Arabia,"""Best kid's and family entertainment place""",entertainment_kaggle,,,static,,2026-09-13T08:48:56.913228+00:00,False
entertainment_00483,شعيب حريملاء,Park,4.5,324,Huraymila,,Saudi Arabia,,entertainment_kaggle,,,static,,2026-09-13T08:48:56.913228+00:00,False
entertainment_00484,Firstaiment,Paintball center,4.0,1900,Riyadh,Riyadh,Saudi Arabia,"""amazing and entertaining""",entertainment_kaggle,,,static,,2026-09-13T08:48:56.913228+00:00,False
entertainment_00485,العاذرية للطيران الرياضي,Amusement center,4.5,99,Riyadh,Riyadh,Saudi Arabia,Closed ⋅ Opens 2:30 pm Wed,entertainment_kaggle,,,static,,2026-09-13T08:48:56.913228+00:00,False
entertainment_00486,RIM rural farm in Dalam,Farm,4.4,266,Ad Dilam,,Saudi Arabia,,entertainment_kaggle,,,static,,2026-09-13T08:48:56.913228+00:00,False
entertainment_00487,Chifty شفتي,,4.1,1700,Riyadh,Riyadh,Saudi Arabia,"Hip place with global eats, shisha & DJs",entertainment_kaggle,,,static,,2026-09-13T08:48:56.913228+00:00,False
entertainment_00488,روضة الخرارة,State park,4.2,3500,Al Muzahimiyah,Riyadh,Saudi Arabia,"""Among one of the emerging Visiting Places near to Riyadh..""",entertainment_kaggle,,,static,,2026-09-13T08:48:56.913228+00:00,False
entertainment_00489,Al Orjouan,Buffet,4.3,705,Riyadh,Riyadh,Saudi Arabia,Buffet restaurant at the Ritz-Carlton,entertainment_kaggle,,,static,,2026-09-13T08:48:56.913228+00:00,False
entertainment_00490,Bulalohan sa Riyadh,Filipino,4.3,258,Riyadh,Riyadh,Saudi Arabia,"""Delicious food and have vedioke for entertainment""",entertainment_kaggle,,,static,,2026-09-13T08:48:56.913228+00:00,False
entertainment_00491,Seafood restaurants,Seafood,3.3,4,Riyadh,Riyadh,Saudi Arabia,Dine-in·,entertainment_kaggle,,,static,,2026-09-13T08:48:56.913228+00:00,False
entertainment_00492,حديقة الوطن,Theme park,4.2,8400,Riyadh,Riyadh,Saudi Arabia,Temporarily closed,entertainment_kaggle,,,static,,2026-09-13T08:48:56.913228+00:00,False
entertainment_00493,Subaie heritage house,Tourist attraction,4.3,192,Shaqra,Riyadh,Saudi Arabia,Temporarily closed,entertainment_kaggle,,,static,,2026-09-13T08:48:56.913228+00:00,False
entertainment_00494,WORLD SIGHTS PARK,Tourist attraction,4.1,3100,Riyadh,Riyadh,Saudi Arabia,Temporarily closed,entertainment_kaggle,,,static,,2026-09-13T08:48:56.913228+00:00,False
entertainment_00495,منطقة أوايسس | Oasis Zone,Tourist attraction,4.0,182,Riyadh,Riyadh,Saudi Arabia,Temporarily closed,entertainment_kaggle,,,static,,2026-09-13T08:48:56.913228+00:00,False
entertainment_00496,Syrup,Corporate office,4.5,406,Ad Dilam,,Saudi Arabia,,entertainment_kaggle,,,static,,2026-09-13T08:48:56.913228+00:00,False
entertainment_00497,Chifty شفتي,,4.1,1700,Riyadh,Riyadh,Saudi Arabia,"Hip place with global eats, shisha & DJs",entertainment_kaggle,,,static,,2026-09-13T08:48:56.913228+00:00,False
entertainment_00498,روضة الخرارة,State park,4.2,3500,Al Muzahimiyah,Riyadh,Saudi Arabia,"""Among one of the emerging Visiting Places near to Riyadh..""",entertainment_kaggle,,,static,,2026-09-13T08:48:56.913228+00:00,False
entertainment_00499,Al Orjouan,Buffet,4.3,705,Riyadh,Riyadh,Saudi Arabia,Buffet restaurant at the Ritz-Carlton,entertainment_kaggle,,,static,,2026-09-13T08:48:56.913228+00:00,False
entertainment_00500,Bulalohan sa Riyadh,Filipino,4.3,258,Riyadh,Riyadh,Saudi Arabia,"""Delicious food and have vedioke for entertainment""",entertainment_kaggle,,,static,,2026-09-13T08:48:56.913228+00:00,False
entertainment_00501,Seafood restaurants,Seafood,3.3,4,Riyadh,Riyadh,Saudi Arabia,Dine-in·,entertainment_kaggle,,,static,,2026-09-13T08:48:56.913228+00:00,False
entertainment_00502,حديقة الوطن,Theme park,4.2,8400,Riyadh,Riyadh,Saudi Arabia,Temporarily closed,entertainment_kaggle,,,static,,2026-09-13T08:48:56.913228+00:00,False
entertainment_00503,Subaie heritage house,Tourist attraction,4.3,192,Shaqra,Riyadh,Saudi Arabia,Temporarily closed,entertainment_kaggle,,,static,,2026-09-13T08:48:56.913228+00:00,False
entertainment_00504,WORLD SIGHTS PARK,Tourist attraction,4.1,3100,Riyadh,Riyadh,Saudi Arabia,Temporarily closed,entertainment_kaggle,,,static,,2026-09-13T08:48:56.913228+00:00,False
entertainment_00505,منطقة أوايسس | Oasis Zone,Tourist attraction,4.0,182,Riyadh,Riyadh,Saudi Arabia,Temporarily closed,entertainment_kaggle,,,static,,2026-09-13T08:48:56.913228+00:00,False
entertainment_00506,موسم الجيمرز,Tourist attraction,4.3,68,Riyadh,Riyadh,Saudi Arabia,Temporarily closed,entertainment_kaggle,,,static,,2026-09-13T08:48:56.913228+00:00,False
entertainment_00507,كريته لاونج - karretah lounge,Tourist attraction,4.4,12,,,Saudi Arabia,Temporarily closed,entertainment_kaggle,,,static,,2026-09-13T08:48:56.913228+00:00,False
entertainment_00508,Jammoly World,Children's amusement center,5.0,1,Riyadh,Riyadh,Saudi Arabia,Temporarily closed,entertainment_kaggle,,,static,,2026-09-13T08:48:56.913228+00:00,False
entertainment_00509,Red Sea Beach,Children's amusement center,4.5,137,Riyadh,Riyadh,Saudi Arabia,Temporarily closed,entertainment_kaggle,,,static,,2026-09-13T08:48:56.913228+00:00,False
entertainment_00510,The Secret Room,Escape room center,4.2,353,Riyadh,Riyadh,Saudi Arabia,Temporarily closed,entertainment_kaggle,,,static,,2026-09-13T08:48:56.913228+00:00,False
entertainment_00511,Tim Tech Rimal Center,Children's amusement center,5.0,2,Riyadh,Riyadh,Saudi Arabia,Temporarily closed,entertainment_kaggle,,,static,,2026-09-13T08:48:56.913228+00:00,False
entertainment_00512,Mabelle,Children's amusement center,4.7,42,Riyadh,Riyadh,Saudi Arabia,Temporarily closed,entertainment_kaggle,,,static,,2026-09-13T08:48:56.913228+00:00,False
entertainment_00513,RIM rural farm in Dalam,Farm,4.4,266,Ad Dilam,,Saudi Arabia,,entertainment_kaggle,,,static,,2026-09-13T08:48:56.913228+00:00,False
entertainment_00514,Chifty شفتي,,4.1,1700,Riyadh,Riyadh,Saudi Arabia,"Hip place with global eats, shisha & DJs",entertainment_kaggle,,,static,,2026-09-13T08:48:56.913228+00:00,False
entertainment_00515,روضة الخرارة,State park,4.2,3500,Al Muzahimiyah,Riyadh,Saudi Arabia,"""Among one of the emerging Visiting Places near to Riyadh..""",entertainment_kaggle,,,static,,2026-09-13T08:48:56.913228+00:00,False
entertainment_00516,The Secret Room,Escape room center,4.2,353,Riyadh,Riyadh,Saudi Arabia,Temporarily closed,entertainment_kaggle,,,static,,2026-09-13T08:48:56.913228+00:00,False
entertainment_00517,Tim Tech Rimal Center,Children's amusement center,5.0,2,Riyadh,Riyadh,Saudi Arabia,Temporarily closed,entertainment_kaggle,,,static,,2026-09-13T08:48:56.913228+00:00,False
entertainment_00518,Mabelle,Children's amusement center,4.7,42,Riyadh,Riyadh,Saudi Arabia,Temporarily closed,entertainment_kaggle,,,static,,2026-09-13T08:48:56.913228+00:00,False
entertainment_00519,موسم الجيمرز,Tourist attraction,4.3,68,Riyadh,Riyadh,Saudi Arabia,Temporarily closed,entertainment_kaggle,,,static,,2026-09-13T08:48:56.913228+00:00,False
entertainment_00520,كريته لاونج - karretah lounge,Tourist attraction,4.4,12,,,Saudi Arabia,Temporarily closed,entertainment_kaggle,,,static,,2026-09-13T08:48:56.913228+00:00,False
