Accommodation Type ID,Accommodation Type,Province ID,Province,Year,Occupancy Rate
1,Hotels,1,Al-Riyadh,2021,0.627440508763924
1,Hotels,1,Al-Riyadh,2022,0.6389378772685211
1,Hotels,1,Al-Riyadh,2023,0.6569806916319786
1,Hotels,1,Al-Riyadh,2024,0.635080171148418
1,Hotels,2,Makkah Al-Mokarramah,2021,0.33739266274416213
1,Hotels,2,Makkah Al-Mokarramah,2022,0.5049339102729473
1,Hotels,2,Makkah Al-Mokarramah,2023,0.5478979817447196
1,Hotels,2,Makkah Al-Mokarramah,2024,0.49984131617086514
1,Hotels,3,Al-Madinah Al-Monawarah,2021,0.35598246203631545
1,Hotels,3,Al-Madinah Al-Monawarah,2022,0.6472848533323654
1,Hotels,3,Al-Madinah Al-Monawarah,2023,0.7222651611321124
1,Hotels,3,Al-Madinah Al-Monawarah,2024,0.7040992183568375
1,Hotels,4,Al-Qaseem,2021,0.36535393122109394
1,Hotels,4,Al-Qaseem,2022,0.37450845160743884
1,Hotels,4,Al-Qaseem,2023,0.397135988752338
1,Hotels,4,Al-Qaseem,2024,0.43678266718589587
1,Hotels,5,Eastern Region,2021,0.537629680692831
1,Hotels,5,Eastern Region,2022,0.5073178575190932
1,Hotels,5,Eastern Region,2023,0.5131978267223554
1,Hotels,5,Eastern Region,2024,0.5495853298706366
1,Hotels,6,Aseer,2021,0.31736164978261744
1,Hotels,6,Aseer,2022,0.2344282609524536
1,Hotels,6,Aseer,2023,0.3086663920671732
1,Hotels,6,Aseer,2024,0.4069379729264855
1,Hotels,7,Tabouk,2021,0.6099014121507418
1,Hotels,7,Tabouk,2022,0.4574288764058836
1,Hotels,7,Tabouk,2023,0.6855226142738097
1,Hotels,7,Tabouk,2024,0.4512317261483844
1,Hotels,8,Hail,2021,0.3187483901313653
1,Hotels,8,Hail,2022,0.2979052940863848
1,Hotels,8,Hail,2023,0.3698086714028309
1,Hotels,8,Hail,2024,0.4094129286433581
1,Hotels,9,Northern Borders,2021,0.3150324611150811
1,Hotels,9,Northern Borders,2022,0.3044625388655718
1,Hotels,9,Northern Borders,2023,0.322588719048896
1,Hotels,9,Northern Borders,2024,0.42779330354758893
1,Hotels,10,Jazan,2021,0.3887090656027819
1,Hotels,10,Jazan,2022,0.37222607950600506
1,Hotels,10,Jazan,2023,0.3813015529893623
1,Hotels,10,Jazan,2024,0.4083576250488339
1,Hotels,11,Najran,2021,0.3687796575337052
1,Hotels,11,Najran,2022,0.35736609748591197
1,Hotels,11,Najran,2023,0.3916903399229682
1,Hotels,11,Najran,2024,0.4233700806483559
1,Hotels,12,Al-Baha,2021,0.28294719574016053
1,Hotels,12,Al-Baha,2022,0.31162337387177425
1,Hotels,12,Al-Baha,2023,0.31921587249766276
1,Hotels,12,Al-Baha,2024,0.34789769835435164
1,Hotels,13,Al-Jouf,2021,0.4973737934315105
1,Hotels,13,Al-Jouf,2022,0.43509197280345757
1,Hotels,13,Al-Jouf,2023,0.36212563915266616
1,Hotels,13,Al-Jouf,2024,0.3495287635094885
1,Hotels,15,Grand Total,2021,0.42363232930752515
1,Hotels,15,Grand Total,2022,0.5372971123927098
1,Hotels,15,Grand Total,2023,0.5806883982173633
1,Hotels,15,Grand Total,2024,0.5457340140906946
2,Apartments and Others,1,Al-Riyadh,2021,0.6342600724008622
2,Apartments and Others,1,Al-Riyadh,2022,0.6617615391938647
2,Apartments and Others,1,Al-Riyadh,2023,0.6925659954681825
2,Apartments and Others,1,Al-Riyadh,2024,0.6807441789805007
2,Apartments and Others,2,Makkah Al-Mokarramah,2021,0.4540828038560001
2,Apartments and Others,2,Makkah Al-Mokarramah,2022,0.47876681977376495
2,Apartments and Others,2,Makkah Al-Mokarramah,2023,0.4913975535388337
2,Apartments and Others,2,Makkah Al-Mokarramah,2024,0.5026536315428196
2,Apartments and Others,3,Al-Madinah Al-Monawarah,2021,0.3867840527451987
2,Apartments and Others,3,Al-Madinah Al-Monawarah,2022,0.4422622640482047
2,Apartments and Others,3,Al-Madinah Al-Monawarah,2023,0.4553251152330682
2,Apartments and Others,3,Al-Madinah Al-Monawarah,2024,0.4614468312690031
2,Apartments and Others,4,Al-Qaseem,2021,0.46012130774254323
2,Apartments and Others,4,Al-Qaseem,2022,0.49733590823425394
2,Apartments and Others,4,Al-Qaseem,2023,0.4799099313468877
2,Apartments and Others,4,Al-Qaseem,2024,0.5122073733692204
2,Apartments and Others,5,Eastern Region,2021,0.4885354257146003
2,Apartments and Others,5,Eastern Region,2022,0.4860513358018092
2,Apartments and Others,5,Eastern Region,2023,0.5189153562934614
2,Apartments and Others,5,Eastern Region,2024,0.5614983115717038
2,Apartments and Others,6,Aseer,2021,0.41591853849394345
2,Apartments and Others,6,Aseer,2022,0.3910358197253148
2,Apartments and Others,6,Aseer,2023,0.39197835672011394
2,Apartments and Others,6,Aseer,2024,0.4359783554901181
2,Apartments and Others,7,Tabouk,2021,0.5152967274955998
2,Apartments and Others,7,Tabouk,2022,0.4826969882366771
2,Apartments and Others,7,Tabouk,2023,0.5982013553401063
2,Apartments and Others,7,Tabouk,2024,0.5482464522910794
2,Apartments and Others,8,Hail,2021,0.5350167463214541
2,Apartments and Others,8,Hail,2022,0.565716976337464
2,Apartments and Others,8,Hail,2023,0.5197632574464308
2,Apartments and Others,8,Hail,2024,0.5344005386185798
2,Apartments and Others,9,Northern Borders,2021,0.4562666837900067
2,Apartments and Others,9,Northern Borders,2022,0.46311229168643075
2,Apartments and Others,9,Northern Borders,2023,0.43839780745967744
2,Apartments and Others,9,Northern Borders,2024,0.43730306084557846
2,Apartments and Others,10,Jazan,2021,0.45291534949069195
2,Apartments and Others,10,Jazan,2022,0.4461043426710656
2,Apartments and Others,10,Jazan,2023,0.45261074107726157
2,Apartments and Others,10,Jazan,2024,0.4705611202243381
2,Apartments and Others,11,Najran,2021,0.5314353786823349
2,Apartments and Others,11,Najran,2022,0.5812975294843257
2,Apartments and Others,11,Najran,2023,0.5804587637891788
2,Apartments and Others,11,Najran,2024,0.5682775693753099
2,Apartments and Others,12,Al-Baha,2021,0.3651023149245477
2,Apartments and Others,12,Al-Baha,2022,0.3582259585166562
2,Apartments and Others,12,Al-Baha,2023,0.36262588108475863
2,Apartments and Others,12,Al-Baha,2024,0.37907052259734125
2,Apartments and Others,13,Al-Jouf,2021,0.42563951778888565
2,Apartments and Others,13,Al-Jouf,2022,0.45946723393594097
2,Apartments and Others,13,Al-Jouf,2023,0.4169066485828681
2,Apartments and Others,13,Al-Jouf,2024,0.41153528132751765
2,Apartments and Others,15,Grand Total,2021,0.500815351420353
2,Apartments and Others,15,Grand Total,2022,0.5194204651801092
2,Apartments and Others,15,Grand Total,2023,0.5390783600077462
2,Apartments and Others,15,Grand Total,2024,0.5522937821661001
3,Grand Total,15,Grand Total,2021,0.46322733044657954
3,Grand Total,15,Grand Total,2022,0.5301215431733588
3,Grand Total,15,Grand Total,2023,0.5668775397613828
3,Grand Total,15,Grand Total,2024,0.5473830129167176
