Accommodation Type ID,Accommodation Type,Province ID,Province,Year,Month ID,Month,Occupancy Rate
1,Hotels,1,Al-Riyadh,2021,202101,2021-01,0.5559443985609698
1,Hotels,1,Al-Riyadh,2021,202102,2021-02,0.4585832499772665
1,Hotels,1,Al-Riyadh,2021,202103,2021-03,0.4896576665009138
1,Hotels,1,Al-Riyadh,2021,202104,2021-04,0.42155874268035953
1,Hotels,1,Al-Riyadh,2021,202105,2021-05,0.45068256777923515
1,Hotels,1,Al-Riyadh,2021,202106,2021-06,0.7496530144370779
1,Hotels,1,Al-Riyadh,2021,202107,2021-07,0.6365636682606145
1,Hotels,1,Al-Riyadh,2021,202108,2021-08,0.6531826879091799
1,Hotels,1,Al-Riyadh,2021,202109,2021-09,0.6306846406674242
1,Hotels,1,Al-Riyadh,2021,202110,2021-10,0.7146511189706293
1,Hotels,1,Al-Riyadh,2021,202111,2021-11,0.7592936549744782
1,Hotels,1,Al-Riyadh,2021,202112,2021-12,0.7866580247361049
1,Hotels,1,Al-Riyadh,2022,202201,2022-01,0.742702822112995
1,Hotels,1,Al-Riyadh,2022,202202,2022-02,0.7388298468529972
1,Hotels,1,Al-Riyadh,2022,202203,2022-03,0.7566675604415248
1,Hotels,1,Al-Riyadh,2022,202204,2022-04,0.3955901884872976
1,Hotels,1,Al-Riyadh,2022,202205,2022-05,0.5522555748235352
1,Hotels,1,Al-Riyadh,2022,202206,2022-06,0.582164464888627
1,Hotels,1,Al-Riyadh,2022,202207,2022-07,0.44256786570092255
1,Hotels,1,Al-Riyadh,2022,202208,2022-08,0.5908535859717385
1,Hotels,1,Al-Riyadh,2022,202209,2022-09,0.640274570871145
1,Hotels,1,Al-Riyadh,2022,202210,2022-10,0.7227906898289397
1,Hotels,1,Al-Riyadh,2022,202211,2022-11,0.7889373163119535
1,Hotels,1,Al-Riyadh,2022,202212,2022-12,0.7008580159586036
1,Hotels,1,Al-Riyadh,2023,202301,2023-01,0.7413820718218957
1,Hotels,1,Al-Riyadh,2023,202302,2023-02,0.7609921710709671
1,Hotels,1,Al-Riyadh,2023,202303,2023-03,0.6507247880092316
1,Hotels,1,Al-Riyadh,2023,202304,2023-04,0.3595098428976712
1,Hotels,1,Al-Riyadh,2023,202305,2023-05,0.6465323655085722
1,Hotels,1,Al-Riyadh,2023,202306,2023-06,0.5378179401715215
1,Hotels,1,Al-Riyadh,2023,202307,2023-07,0.5331391203274108
1,Hotels,1,Al-Riyadh,2023,202308,2023-08,0.574000765880044
1,Hotels,1,Al-Riyadh,2023,202309,2023-09,0.6969489010479458
1,Hotels,1,Al-Riyadh,2023,202310,2023-10,0.783568552362341
1,Hotels,1,Al-Riyadh,2023,202311,2023-11,0.8034664703762895
1,Hotels,1,Al-Riyadh,2023,202312,2023-12,0.7146972924397996
1,Hotels,1,Al-Riyadh,2024,202401,2024-01,0.738501462970813
1,Hotels,1,Al-Riyadh,2024,202402,2024-02,0.7746788906504906
1,Hotels,1,Al-Riyadh,2024,202403,2024-03,0.5126906438334904
1,Hotels,1,Al-Riyadh,2024,202404,2024-04,0.5110383614538739
1,Hotels,1,Al-Riyadh,2024,202405,2024-05,0.6678114520312023
1,Hotels,1,Al-Riyadh,2024,202406,2024-06,0.43636481416913875
1,Hotels,1,Al-Riyadh,2024,202407,2024-07,0.5910795444726701
1,Hotels,1,Al-Riyadh,2024,202408,2024-08,0.5588178931006639
1,Hotels,1,Al-Riyadh,2024,202409,2024-09,0.6188073128077387
1,Hotels,1,Al-Riyadh,2024,202410,2024-10,0.7094838473437605
1,Hotels,1,Al-Riyadh,2024,202411,2024-11,0.7627685100120345
1,Hotels,1,Al-Riyadh,2024,202412,2024-12,0.6900210200722213
1,Hotels,2,Makkah Al-Mokarramah,2021,202101,2021-01,0.29003695534761703
1,Hotels,2,Makkah Al-Mokarramah,2021,202102,2021-02,0.22390320321693366
1,Hotels,2,Makkah Al-Mokarramah,2021,202103,2021-03,0.2485432379378035
1,Hotels,2,Makkah Al-Mokarramah,2021,202104,2021-04,0.2627474491753826
1,Hotels,2,Makkah Al-Mokarramah,2021,202105,2021-05,0.3158793266933812
1,Hotels,2,Makkah Al-Mokarramah,2021,202106,2021-06,0.3176026105983631
1,Hotels,2,Makkah Al-Mokarramah,2021,202107,2021-07,0.320532898724713
1,Hotels,2,Makkah Al-Mokarramah,2021,202108,2021-08,0.3578102354116538
1,Hotels,2,Makkah Al-Mokarramah,2021,202109,2021-09,0.34976707654559264
1,Hotels,2,Makkah Al-Mokarramah,2021,202110,2021-10,0.3855909536687569
1,Hotels,2,Makkah Al-Mokarramah,2021,202111,2021-11,0.4448209756027653
1,Hotels,2,Makkah Al-Mokarramah,2021,202112,2021-12,0.47089186871838584
1,Hotels,2,Makkah Al-Mokarramah,2022,202201,2022-01,0.3858679896360532
1,Hotels,2,Makkah Al-Mokarramah,2022,202202,2022-02,0.4617963535957597
1,Hotels,2,Makkah Al-Mokarramah,2022,202203,2022-03,0.5627272231810337
1,Hotels,2,Makkah Al-Mokarramah,2022,202204,2022-04,0.5955508522591352
1,Hotels,2,Makkah Al-Mokarramah,2022,202205,2022-05,0.4512868770317503
1,Hotels,2,Makkah Al-Mokarramah,2022,202206,2022-06,0.356545132794085
1,Hotels,2,Makkah Al-Mokarramah,2022,202207,2022-07,0.5431722384837526
1,Hotels,2,Makkah Al-Mokarramah,2022,202208,2022-08,0.5047322172359122
1,Hotels,2,Makkah Al-Mokarramah,2022,202209,2022-09,0.4585435831185424
1,Hotels,2,Makkah Al-Mokarramah,2022,202210,2022-10,0.5157992348399095
1,Hotels,2,Makkah Al-Mokarramah,2022,202211,2022-11,0.5438104039708264
1,Hotels,2,Makkah Al-Mokarramah,2022,202212,2022-12,0.5869114124566823
1,Hotels,2,Makkah Al-Mokarramah,2023,202301,2023-01,0.5825078991459123
1,Hotels,2,Makkah Al-Mokarramah,2023,202302,2023-02,0.6296250842752227
1,Hotels,2,Makkah Al-Mokarramah,2023,202303,2023-03,0.5925759385028734
1,Hotels,2,Makkah Al-Mokarramah,2023,202304,2023-04,0.6028488691329221
1,Hotels,2,Makkah Al-Mokarramah,2023,202305,2023-05,0.4285341677169454
1,Hotels,2,Makkah Al-Mokarramah,2023,202306,2023-06,0.597747992114003
1,Hotels,2,Makkah Al-Mokarramah,2023,202307,2023-07,0.5301003443280404
1,Hotels,2,Makkah Al-Mokarramah,2023,202308,2023-08,0.5043081557536868
1,Hotels,2,Makkah Al-Mokarramah,2023,202309,2023-09,0.4460246957281436
1,Hotels,2,Makkah Al-Mokarramah,2023,202310,2023-10,0.5040999894108079
1,Hotels,2,Makkah Al-Mokarramah,2023,202311,2023-11,0.5838985113201737
1,Hotels,2,Makkah Al-Mokarramah,2023,202312,2023-12,0.5731164879967106
1,Hotels,2,Makkah Al-Mokarramah,2024,202401,2024-01,0.5834300579268402
1,Hotels,2,Makkah Al-Mokarramah,2024,202402,2024-02,0.5857952243718845
1,Hotels,2,Makkah Al-Mokarramah,2024,202403,2024-03,0.5596343089123477
1,Hotels,2,Makkah Al-Mokarramah,2024,202404,2024-04,0.5140412258734102
1,Hotels,2,Makkah Al-Mokarramah,2024,202405,2024-05,0.4184009647686943
1,Hotels,2,Makkah Al-Mokarramah,2024,202406,2024-06,0.7159990370651256
1,Hotels,2,Makkah Al-Mokarramah,2024,202407,2024-07,0.37977703424359094
1,Hotels,2,Makkah Al-Mokarramah,2024,202408,2024-08,0.40261505549707705
1,Hotels,2,Makkah Al-Mokarramah,2024,202409,2024-09,0.38124062114496166
1,Hotels,2,Makkah Al-Mokarramah,2024,202410,2024-10,0.4392242513040128
1,Hotels,2,Makkah Al-Mokarramah,2024,202411,2024-11,0.49902244739352775
1,Hotels,2,Makkah Al-Mokarramah,2024,202412,2024-12,0.5341544392722742
1,Hotels,3,Al-Madinah Al-Monawarah,2021,202101,2021-01,0.41421010266690966
1,Hotels,3,Al-Madinah Al-Monawarah,2021,202102,2021-02,0.23519342411131947
1,Hotels,3,Al-Madinah Al-Monawarah,2021,202103,2021-03,0.3032610387588855
1,Hotels,3,Al-Madinah Al-Monawarah,2021,202104,2021-04,0.20218084990919155
1,Hotels,3,Al-Madinah Al-Monawarah,2021,202105,2021-05,0.34022269551491363
1,Hotels,3,Al-Madinah Al-Monawarah,2021,202106,2021-06,0.31584335807524955
1,Hotels,3,Al-Madinah Al-Monawarah,2021,202107,2021-07,0.346003629419085
1,Hotels,3,Al-Madinah Al-Monawarah,2021,202108,2021-08,0.28693548338134717
1,Hotels,3,Al-Madinah Al-Monawarah,2021,202109,2021-09,0.3208550127911207
1,Hotels,3,Al-Madinah Al-Monawarah,2021,202110,2021-10,0.41492204343591577
1,Hotels,3,Al-Madinah Al-Monawarah,2021,202111,2021-11,0.4769822160266971
1,Hotels,3,Al-Madinah Al-Monawarah,2021,202112,2021-12,0.5229653036998503
1,Hotels,3,Al-Madinah Al-Monawarah,2022,202201,2022-01,0.4715428628594136
1,Hotels,3,Al-Madinah Al-Monawarah,2022,202202,2022-02,0.6393510466358334
1,Hotels,3,Al-Madinah Al-Monawarah,2022,202203,2022-03,0.7319477401262415
1,Hotels,3,Al-Madinah Al-Monawarah,2022,202204,2022-04,0.7320660657850523
1,Hotels,3,Al-Madinah Al-Monawarah,2022,202205,2022-05,0.5433889410402875
1,Hotels,3,Al-Madinah Al-Monawarah,2022,202206,2022-06,0.44378391272026624
1,Hotels,3,Al-Madinah Al-Monawarah,2022,202207,2022-07,0.48316766498744995
1,Hotels,3,Al-Madinah Al-Monawarah,2022,202208,2022-08,0.5677848385540565
1,Hotels,3,Al-Madinah Al-Monawarah,2022,202209,2022-09,0.5807329607040441
1,Hotels,3,Al-Madinah Al-Monawarah,2022,202210,2022-10,0.7480246052192167
1,Hotels,3,Al-Madinah Al-Monawarah,2022,202211,2022-11,0.7849949184908979
1,Hotels,3,Al-Madinah Al-Monawarah,2022,202212,2022-12,0.8152470955483919
1,Hotels,3,Al-Madinah Al-Monawarah,2023,202301,2023-01,0.8097846242845749
1,Hotels,3,Al-Madinah Al-Monawarah,2023,202302,2023-02,0.8413872398184082
1,Hotels,3,Al-Madinah Al-Monawarah,2023,202303,2023-03,0.7622118496033905
1,Hotels,3,Al-Madinah Al-Monawarah,2023,202304,2023-04,0.744538614498429
1,Hotels,3,Al-Madinah Al-Monawarah,2023,202305,2023-05,0.6136891940884178
1,Hotels,3,Al-Madinah Al-Monawarah,2023,202306,2023-06,0.6669684139099901
1,Hotels,3,Al-Madinah Al-Monawarah,2023,202307,2023-07,0.7871605544044055
1,Hotels,3,Al-Madinah Al-Monawarah,2023,202308,2023-08,0.6230252654736581
1,Hotels,3,Al-Madinah Al-Monawarah,2023,202309,2023-09,0.6077135242870291
1,Hotels,3,Al-Madinah Al-Monawarah,2023,202310,2023-10,0.6721561689233349
1,Hotels,3,Al-Madinah Al-Monawarah,2023,202311,2023-11,0.7477097948535667
1,Hotels,3,Al-Madinah Al-Monawarah,2023,202312,2023-12,0.7848139310163363
1,Hotels,3,Al-Madinah Al-Monawarah,2024,202401,2024-01,0.8276954130630286
1,Hotels,3,Al-Madinah Al-Monawarah,2024,202402,2024-02,0.8583054736543043
1,Hotels,3,Al-Madinah Al-Monawarah,2024,202403,2024-03,0.7033514709195552
1,Hotels,3,Al-Madinah Al-Monawarah,2024,202404,2024-04,0.6896041763214568
1,Hotels,3,Al-Madinah Al-Monawarah,2024,202405,2024-05,0.6963060511172094
1,Hotels,3,Al-Madinah Al-Monawarah,2024,202406,2024-06,0.6408542711005267
1,Hotels,3,Al-Madinah Al-Monawarah,2024,202407,2024-07,0.6469941576202763
1,Hotels,3,Al-Madinah Al-Monawarah,2024,202408,2024-08,0.5893344026993189
1,Hotels,3,Al-Madinah Al-Monawarah,2024,202409,2024-09,0.5872695298436751
1,Hotels,3,Al-Madinah Al-Monawarah,2024,202410,2024-10,0.6753915761383203
1,Hotels,3,Al-Madinah Al-Monawarah,2024,202411,2024-11,0.7718386900206673
1,Hotels,3,Al-Madinah Al-Monawarah,2024,202412,2024-12,0.7926099024722766
1,Hotels,4,Al-Qaseem,2021,202101,2021-01,0.4474156579371289
1,Hotels,4,Al-Qaseem,2021,202102,2021-02,0.2962638043141707
1,Hotels,4,Al-Qaseem,2021,202103,2021-03,0.3300412667501275
1,Hotels,4,Al-Qaseem,2021,202104,2021-04,0.23666820994149584
1,Hotels,4,Al-Qaseem,2021,202105,2021-05,0.334244649273551
1,Hotels,4,Al-Qaseem,2021,202106,2021-06,0.3617705556260844
1,Hotels,4,Al-Qaseem,2021,202107,2021-07,0.41839229770000763
1,Hotels,4,Al-Qaseem,2021,202108,2021-08,0.4230994494553122
1,Hotels,4,Al-Qaseem,2021,202109,2021-09,0.3930165501441719
1,Hotels,4,Al-Qaseem,2021,202110,2021-10,0.3536469572723349
1,Hotels,4,Al-Qaseem,2021,202111,2021-11,0.34736526347365265
1,Hotels,4,Al-Qaseem,2021,202112,2021-12,0.4475158759805753
1,Hotels,4,Al-Qaseem,2022,202201,2022-01,0.3989146749797945
1,Hotels,4,Al-Qaseem,2022,202202,2022-02,0.4057161629434954
1,Hotels,4,Al-Qaseem,2022,202203,2022-03,0.3966208763661887
1,Hotels,4,Al-Qaseem,2022,202204,2022-04,0.31060090999424717
1,Hotels,4,Al-Qaseem,2022,202205,2022-05,0.3708736928340803
1,Hotels,4,Al-Qaseem,2022,202206,2022-06,0.283827560428607
1,Hotels,4,Al-Qaseem,2022,202207,2022-07,0.3500847496449677
1,Hotels,4,Al-Qaseem,2022,202208,2022-08,0.3927219663459346
1,Hotels,4,Al-Qaseem,2022,202209,2022-09,0.38471131063723657
1,Hotels,4,Al-Qaseem,2022,202210,2022-10,0.3805866199705496
1,Hotels,4,Al-Qaseem,2022,202211,2022-11,0.4170461013090495
1,Hotels,4,Al-Qaseem,2022,202212,2022-12,0.402797354439987
1,Hotels,4,Al-Qaseem,2023,202301,2023-01,0.4069715209774504
1,Hotels,4,Al-Qaseem,2023,202302,2023-02,0.37778416439143553
1,Hotels,4,Al-Qaseem,2023,202303,2023-03,0.359902540898016
1,Hotels,4,Al-Qaseem,2023,202304,2023-04,0.3411365902293121
1,Hotels,4,Al-Qaseem,2023,202305,2023-05,0.3973386249562274
1,Hotels,4,Al-Qaseem,2023,202306,2023-06,0.35434027050793515
1,Hotels,4,Al-Qaseem,2023,202307,2023-07,0.4065221794612113
1,Hotels,4,Al-Qaseem,2023,202308,2023-08,0.44381963237619937
1,Hotels,4,Al-Qaseem,2023,202309,2023-09,0.4120421753607103
1,Hotels,4,Al-Qaseem,2023,202310,2023-10,0.3847205008421521
1,Hotels,4,Al-Qaseem,2023,202311,2023-11,0.45659804572621193
1,Hotels,4,Al-Qaseem,2023,202312,2023-12,0.39659797585660284
1,Hotels,4,Al-Qaseem,2024,202401,2024-01,0.4736089215858002
1,Hotels,4,Al-Qaseem,2024,202402,2024-02,0.5167736883320282
1,Hotels,4,Al-Qaseem,2024,202403,2024-03,0.282350392969862
1,Hotels,4,Al-Qaseem,2024,202404,2024-04,0.40196319773524525
1,Hotels,4,Al-Qaseem,2024,202405,2024-05,0.4529836986742369
1,Hotels,4,Al-Qaseem,2024,202406,2024-06,0.3959677934692313
1,Hotels,4,Al-Qaseem,2024,202407,2024-07,0.40934397737649864
1,Hotels,4,Al-Qaseem,2024,202408,2024-08,0.45221942803672727
1,Hotels,4,Al-Qaseem,2024,202409,2024-09,0.435926117916678
1,Hotels,4,Al-Qaseem,2024,202410,2024-10,0.4585601628084457
1,Hotels,4,Al-Qaseem,2024,202411,2024-11,0.5289784986236143
1,Hotels,4,Al-Qaseem,2024,202412,2024-12,0.41091282817901525
1,Hotels,5,Eastern Region,2021,202101,2021-01,0.5426365579283952
1,Hotels,5,Eastern Region,2021,202102,2021-02,0.3955433399963656
1,Hotels,5,Eastern Region,2021,202103,2021-03,0.5152187603082736
1,Hotels,5,Eastern Region,2021,202104,2021-04,0.4086364649772023
1,Hotels,5,Eastern Region,2021,202105,2021-05,0.4763179784720182
1,Hotels,5,Eastern Region,2021,202106,2021-06,0.6195747124079808
1,Hotels,5,Eastern Region,2021,202107,2021-07,0.5844984823071647
1,Hotels,5,Eastern Region,2021,202108,2021-08,0.5540395580596585
1,Hotels,5,Eastern Region,2021,202109,2021-09,0.5504766521247374
1,Hotels,5,Eastern Region,2021,202110,2021-10,0.5849959157208197
1,Hotels,5,Eastern Region,2021,202111,2021-11,0.5742488437313843
1,Hotels,5,Eastern Region,2021,202112,2021-12,0.5750665477635258
1,Hotels,5,Eastern Region,2022,202201,2022-01,0.55305439035567
1,Hotels,5,Eastern Region,2022,202202,2022-02,0.5855385835364872
1,Hotels,5,Eastern Region,2022,202203,2022-03,0.6056276249273519
1,Hotels,5,Eastern Region,2022,202204,2022-04,0.3335540612025102
1,Hotels,5,Eastern Region,2022,202205,2022-05,0.5335107445563768
1,Hotels,5,Eastern Region,2022,202206,2022-06,0.4985258673428022
1,Hotels,5,Eastern Region,2022,202207,2022-07,0.44468744110294406
1,Hotels,5,Eastern Region,2022,202208,2022-08,0.4429585868930436
1,Hotels,5,Eastern Region,2022,202209,2022-09,0.5019240876663592
1,Hotels,5,Eastern Region,2022,202210,2022-10,0.526889223971666
1,Hotels,5,Eastern Region,2022,202211,2022-11,0.5642533785909675
1,Hotels,5,Eastern Region,2022,202212,2022-12,0.48634952486894817
1,Hotels,5,Eastern Region,2023,202301,2023-01,0.49443269082949615
1,Hotels,5,Eastern Region,2023,202302,2023-02,0.5437053416047335
1,Hotels,5,Eastern Region,2023,202303,2023-03,0.5457121122737293
1,Hotels,5,Eastern Region,2023,202304,2023-04,0.4018763259824435
1,Hotels,5,Eastern Region,2023,202305,2023-05,0.5657997468760584
1,Hotels,5,Eastern Region,2023,202306,2023-06,0.484257133486389
1,Hotels,5,Eastern Region,2023,202307,2023-07,0.44345474673780877
1,Hotels,5,Eastern Region,2023,202308,2023-08,0.46199095022624437
1,Hotels,5,Eastern Region,2023,202309,2023-09,0.4934953588889676
1,Hotels,5,Eastern Region,2023,202310,2023-10,0.5542999104683666
1,Hotels,5,Eastern Region,2023,202311,2023-11,0.6360943630633603
1,Hotels,5,Eastern Region,2023,202312,2023-12,0.5237505959203546
1,Hotels,5,Eastern Region,2024,202401,2024-01,0.5663063426570696
1,Hotels,5,Eastern Region,2024,202402,2024-02,0.6415494992463457
1,Hotels,5,Eastern Region,2024,202403,2024-03,0.46299563501398366
1,Hotels,5,Eastern Region,2024,202404,2024-04,0.49109658304951753
1,Hotels,5,Eastern Region,2024,202405,2024-05,0.6077441077441077
1,Hotels,5,Eastern Region,2024,202406,2024-06,0.46009158050221566
1,Hotels,5,Eastern Region,2024,202407,2024-07,0.5115701325889742
1,Hotels,5,Eastern Region,2024,202408,2024-08,0.4955269281410184
1,Hotels,5,Eastern Region,2024,202409,2024-09,0.5405200207162284
1,Hotels,5,Eastern Region,2024,202410,2024-10,0.586830777686468
1,Hotels,5,Eastern Region,2024,202411,2024-11,0.6621551818594483
1,Hotels,5,Eastern Region,2024,202412,2024-12,0.5586852010583983
1,Hotels,6,Aseer,2021,202101,2021-01,0.32820308428120304
1,Hotels,6,Aseer,2021,202102,2021-02,0.3012683578104139
1,Hotels,6,Aseer,2021,202103,2021-03,0.256934340284995
1,Hotels,6,Aseer,2021,202104,2021-04,0.2105405074151244
1,Hotels,6,Aseer,2021,202105,2021-05,0.28501814411612236
1,Hotels,6,Aseer,2021,202106,2021-06,0.37926144421124286
1,Hotels,6,Aseer,2021,202107,2021-07,0.4824236817761332
1,Hotels,6,Aseer,2021,202108,2021-08,0.4756644206020995
1,Hotels,6,Aseer,2021,202109,2021-09,0.338912262383687
1,Hotels,6,Aseer,2021,202110,2021-10,0.29048722617668155
1,Hotels,6,Aseer,2021,202111,2021-11,0.23530486412422927
1,Hotels,6,Aseer,2021,202112,2021-12,0.23647883526557023
1,Hotels,6,Aseer,2022,202201,2022-01,0.25293272683744317
1,Hotels,6,Aseer,2022,202202,2022-02,0.2691376224070759
1,Hotels,6,Aseer,2022,202203,2022-03,0.22496286050919523
1,Hotels,6,Aseer,2022,202204,2022-04,0.1443744106407266
1,Hotels,6,Aseer,2022,202205,2022-05,0.27588172602671823
1,Hotels,6,Aseer,2022,202206,2022-06,0.2110128174016634
1,Hotels,6,Aseer,2022,202207,2022-07,0.311343877657903
1,Hotels,6,Aseer,2022,202208,2022-08,0.3339349030764984
1,Hotels,6,Aseer,2022,202209,2022-09,0.20163170163170163
1,Hotels,6,Aseer,2022,202210,2022-10,0.20887515307014987
1,Hotels,6,Aseer,2022,202211,2022-11,0.20052948906237922
1,Hotels,6,Aseer,2022,202212,2022-12,0.1969150174621653
1,Hotels,6,Aseer,2023,202301,2023-01,0.1990062709113858
1,Hotels,6,Aseer,2023,202302,2023-02,0.19763796909492273
1,Hotels,6,Aseer,2023,202303,2023-03,0.1883858595964649
1,Hotels,6,Aseer,2023,202304,2023-04,0.19022256039566293
1,Hotels,6,Aseer,2023,202305,2023-05,0.3022571645954857
1,Hotels,6,Aseer,2023,202306,2023-06,0.31961972067979133
1,Hotels,6,Aseer,2023,202307,2023-07,0.45860746061546
1,Hotels,6,Aseer,2023,202308,2023-08,0.5114568654325039
1,Hotels,6,Aseer,2023,202309,2023-09,0.35955079247762173
1,Hotels,6,Aseer,2023,202310,2023-10,0.31427908252621806
1,Hotels,6,Aseer,2023,202311,2023-11,0.32918240277636013
1,Hotels,6,Aseer,2023,202312,2023-12,0.2851368944678701
1,Hotels,6,Aseer,2024,202401,2024-01,0.3289646133682831
1,Hotels,6,Aseer,2024,202402,2024-02,0.33270295202952027
1,Hotels,6,Aseer,2024,202403,2024-03,0.2444304865840972
1,Hotels,6,Aseer,2024,202404,2024-04,0.3668876988806619
1,Hotels,6,Aseer,2024,202405,2024-05,0.45965272557252607
1,Hotels,6,Aseer,2024,202406,2024-06,0.4369743958483134
1,Hotels,6,Aseer,2024,202407,2024-07,0.6260714285714286
1,Hotels,6,Aseer,2024,202408,2024-08,0.5621345867247507
1,Hotels,6,Aseer,2024,202409,2024-09,0.40167242530704683
1,Hotels,6,Aseer,2024,202410,2024-10,0.34563030450934135
1,Hotels,6,Aseer,2024,202411,2024-11,0.38566426364572604
1,Hotels,6,Aseer,2024,202412,2024-12,0.3156038411039312
1,Hotels,7,Tabouk,2021,202101,2021-01,0.5404990122192141
1,Hotels,7,Tabouk,2021,202102,2021-02,0.49732756426571645
1,Hotels,7,Tabouk,2021,202103,2021-03,0.5634566605440392
1,Hotels,7,Tabouk,2021,202104,2021-04,0.4780731459532679
1,Hotels,7,Tabouk,2021,202105,2021-05,0.6299180800738433
1,Hotels,7,Tabouk,2021,202106,2021-06,0.6294848351094016
1,Hotels,7,Tabouk,2021,202107,2021-07,0.6223828647925034
1,Hotels,7,Tabouk,2021,202108,2021-08,0.6519904126719467
1,Hotels,7,Tabouk,2021,202109,2021-09,0.665297642056436
1,Hotels,7,Tabouk,2021,202110,2021-10,0.660864261249003
1,Hotels,7,Tabouk,2021,202111,2021-11,0.6666206515737162
1,Hotels,7,Tabouk,2021,202112,2021-12,0.56605841415968
1,Hotels,7,Tabouk,2022,202201,2022-01,0.3565149224480654
1,Hotels,7,Tabouk,2022,202202,2022-02,0.39624992582922924
1,Hotels,7,Tabouk,2022,202203,2022-03,0.43661071143085534
1,Hotels,7,Tabouk,2022,202204,2022-04,0.22558814050918466
1,Hotels,7,Tabouk,2022,202205,2022-05,0.39676132814377013
1,Hotels,7,Tabouk,2022,202206,2022-06,0.4007481655556088
1,Hotels,7,Tabouk,2022,202207,2022-07,0.4135709207252044
1,Hotels,7,Tabouk,2022,202208,2022-08,0.488962472406181
1,Hotels,7,Tabouk,2022,202209,2022-09,0.47911945613467144
1,Hotels,7,Tabouk,2022,202210,2022-10,0.563195474777448
1,Hotels,7,Tabouk,2022,202211,2022-11,0.6632894292468761
1,Hotels,7,Tabouk,2022,202212,2022-12,0.6050599201065247
1,Hotels,7,Tabouk,2023,202301,2023-01,0.5831917251570004
1,Hotels,7,Tabouk,2023,202302,2023-02,0.5919203333568754
1,Hotels,7,Tabouk,2023,202303,2023-03,0.7332413392403224
1,Hotels,7,Tabouk,2023,202304,2023-04,0.7034386183289248
1,Hotels,7,Tabouk,2023,202305,2023-05,0.8290959448902777
1,Hotels,7,Tabouk,2023,202306,2023-06,0.7894391603804526
1,Hotels,7,Tabouk,2023,202307,2023-07,0.7940207662012173
1,Hotels,7,Tabouk,2023,202308,2023-08,0.8210051223268976
1,Hotels,7,Tabouk,2023,202309,2023-09,0.7291101883943585
1,Hotels,7,Tabouk,2023,202310,2023-10,0.6602379610123728
1,Hotels,7,Tabouk,2023,202311,2023-11,0.5621359783172828
1,Hotels,7,Tabouk,2023,202312,2023-12,0.5305030503050305
1,Hotels,7,Tabouk,2024,202401,2024-01,0.4748894348894349
1,Hotels,7,Tabouk,2024,202402,2024-02,0.457679479468533
1,Hotels,7,Tabouk,2024,202403,2024-03,0.35919984056599075
1,Hotels,7,Tabouk,2024,202404,2024-04,0.3813569377536249
1,Hotels,7,Tabouk,2024,202405,2024-05,0.4794179590273789
1,Hotels,7,Tabouk,2024,202406,2024-06,0.41905798703839153
1,Hotels,7,Tabouk,2024,202407,2024-07,0.4816664454473055
1,Hotels,7,Tabouk,2024,202408,2024-08,0.4660649765370834
1,Hotels,7,Tabouk,2024,202409,2024-09,0.4833118898054946
1,Hotels,7,Tabouk,2024,202410,2024-10,0.4830254404248637
1,Hotels,7,Tabouk,2024,202411,2024-11,0.469386141744733
1,Hotels,7,Tabouk,2024,202412,2024-12,0.4189826198558252
1,Hotels,8,Hail,2021,202101,2021-01,0.41240506329113924
1,Hotels,8,Hail,2021,202102,2021-02,0.2754991905018888
1,Hotels,8,Hail,2021,202103,2021-03,0.3474224285365258
1,Hotels,8,Hail,2021,202104,2021-04,0.20678102385419458
1,Hotels,8,Hail,2021,202105,2021-05,0.22880738401748846
1,Hotels,8,Hail,2021,202106,2021-06,0.26865858232279033
1,Hotels,8,Hail,2021,202107,2021-07,0.2917675544794189
1,Hotels,8,Hail,2021,202108,2021-08,0.28596827133479213
1,Hotels,8,Hail,2021,202109,2021-09,0.3882934872217642
1,Hotels,8,Hail,2021,202110,2021-10,0.3953917050691244
1,Hotels,8,Hail,2021,202111,2021-11,0.31842372022301063
1,Hotels,8,Hail,2021,202112,2021-12,0.44251704749371934
1,Hotels,8,Hail,2022,202201,2022-01,0.3881110583768391
1,Hotels,8,Hail,2022,202202,2022-02,0.42649583938713514
1,Hotels,8,Hail,2022,202203,2022-03,0.43476138166727696
1,Hotels,8,Hail,2022,202204,2022-04,0.13377963125548728
1,Hotels,8,Hail,2022,202205,2022-05,0.25793015059275876
1,Hotels,8,Hail,2022,202206,2022-06,0.20784703253041967
1,Hotels,8,Hail,2022,202207,2022-07,0.2623488912016652
1,Hotels,8,Hail,2022,202208,2022-08,0.26474466027951127
1,Hotels,8,Hail,2022,202209,2022-09,0.1920692943420216
1,Hotels,8,Hail,2022,202210,2022-10,0.24421965317919075
1,Hotels,8,Hail,2022,202211,2022-11,0.4705833540784997
1,Hotels,8,Hail,2022,202212,2022-12,0.373069460613116
1,Hotels,8,Hail,2023,202301,2023-01,0.4140816620978214
1,Hotels,8,Hail,2023,202302,2023-02,0.5036895977148298
1,Hotels,8,Hail,2023,202303,2023-03,0.33787982117147836
1,Hotels,8,Hail,2023,202304,2023-04,0.2646970380393926
1,Hotels,8,Hail,2023,202305,2023-05,0.34375
1,Hotels,8,Hail,2023,202306,2023-06,0.29658229658229657
1,Hotels,8,Hail,2023,202307,2023-07,0.4149439440088134
1,Hotels,8,Hail,2023,202308,2023-08,0.3414259373079287
1,Hotels,8,Hail,2023,202309,2023-09,0.3018699072111535
1,Hotels,8,Hail,2023,202310,2023-10,0.3120442884147988
1,Hotels,8,Hail,2023,202311,2023-11,0.4867695464455179
1,Hotels,8,Hail,2023,202312,2023-12,0.3964000651571917
1,Hotels,8,Hail,2024,202401,2024-01,0.46665588223399523
1,Hotels,8,Hail,2024,202402,2024-02,0.5366040955631399
1,Hotels,8,Hail,2024,202403,2024-03,0.3054736635220126
1,Hotels,8,Hail,2024,202404,2024-04,0.4065352559862416
1,Hotels,8,Hail,2024,202405,2024-05,0.38744895407950664
1,Hotels,8,Hail,2024,202406,2024-06,0.38765479138883596
1,Hotels,8,Hail,2024,202407,2024-07,0.40798980025499365
1,Hotels,8,Hail,2024,202408,2024-08,0.39495123350545036
1,Hotels,8,Hail,2024,202409,2024-09,0.3332009215857631
1,Hotels,8,Hail,2024,202410,2024-10,0.33566406700218987
1,Hotels,8,Hail,2024,202411,2024-11,0.5166403817380404
1,Hotels,8,Hail,2024,202412,2024-12,0.43121605667060214
1,Hotels,9,Northern Borders,2021,202101,2021-01,0.43199839405801466
1,Hotels,9,Northern Borders,2021,202102,2021-02,0.3131811638906025
1,Hotels,9,Northern Borders,2021,202103,2021-03,0.33629136624144945
1,Hotels,9,Northern Borders,2021,202104,2021-04,0.2333771600300526
1,Hotels,9,Northern Borders,2021,202105,2021-05,0.23948894527002537
1,Hotels,9,Northern Borders,2021,202106,2021-06,0.2918217300535536
1,Hotels,9,Northern Borders,2021,202107,2021-07,0.2938263171377338
1,Hotels,9,Northern Borders,2021,202108,2021-08,0.31372198910811533
1,Hotels,9,Northern Borders,2021,202109,2021-09,0.34458805943902227
1,Hotels,9,Northern Borders,2021,202110,2021-10,0.34221551868610695
1,Hotels,9,Northern Borders,2021,202111,2021-11,0.3414509536784741
1,Hotels,9,Northern Borders,2021,202112,2021-12,0.30286375470060745
1,Hotels,9,Northern Borders,2022,202201,2022-01,0.29046159739513505
1,Hotels,9,Northern Borders,2022,202202,2022-02,0.33671183185746295
1,Hotels,9,Northern Borders,2022,202203,2022-03,0.32969617157369957
1,Hotels,9,Northern Borders,2022,202204,2022-04,0.20176592147285366
1,Hotels,9,Northern Borders,2022,202205,2022-05,0.2822401704091595
1,Hotels,9,Northern Borders,2022,202206,2022-06,0.290521327014218
1,Hotels,9,Northern Borders,2022,202207,2022-07,0.34259941089838
1,Hotels,9,Northern Borders,2022,202208,2022-08,0.38358394789771094
1,Hotels,9,Northern Borders,2022,202209,2022-09,0.34361411669531805
1,Hotels,9,Northern Borders,2022,202210,2022-10,0.27695580698191663
1,Hotels,9,Northern Borders,2022,202211,2022-11,0.29369940931962374
1,Hotels,9,Northern Borders,2022,202212,2022-12,0.28587806149035955
1,Hotels,9,Northern Borders,2023,202301,2023-01,0.3258810155361879
1,Hotels,9,Northern Borders,2023,202302,2023-02,0.4663305725603169
1,Hotels,9,Northern Borders,2023,202303,2023-03,0.2918324607329843
1,Hotels,9,Northern Borders,2023,202304,2023-04,0.21353572243779959
1,Hotels,9,Northern Borders,2023,202305,2023-05,0.25143298059964725
1,Hotels,9,Northern Borders,2023,202306,2023-06,0.22738734787852208
1,Hotels,9,Northern Borders,2023,202307,2023-07,0.29821958456973297
1,Hotels,9,Northern Borders,2023,202308,2023-08,0.27372600926538715
1,Hotels,9,Northern Borders,2023,202309,2023-09,0.22752999773601992
1,Hotels,9,Northern Borders,2023,202310,2023-10,0.3594213316560338
1,Hotels,9,Northern Borders,2023,202311,2023-11,0.44287187177804854
1,Hotels,9,Northern Borders,2023,202312,2023-12,0.43541417670313504
1,Hotels,9,Northern Borders,2024,202401,2024-01,0.3992954645530603
1,Hotels,9,Northern Borders,2024,202402,2024-02,0.45833734707638957
1,Hotels,9,Northern Borders,2024,202403,2024-03,0.31919680053324445
1,Hotels,9,Northern Borders,2024,202404,2024-04,0.3587385019710907
1,Hotels,9,Northern Borders,2024,202405,2024-05,0.43423423423423424
1,Hotels,9,Northern Borders,2024,202406,2024-06,0.380715965508231
1,Hotels,9,Northern Borders,2024,202407,2024-07,0.4588117823265102
1,Hotels,9,Northern Borders,2024,202408,2024-08,0.46083755732560944
1,Hotels,9,Northern Borders,2024,202409,2024-09,0.4464829902357112
1,Hotels,9,Northern Borders,2024,202410,2024-10,0.43042108278430247
1,Hotels,9,Northern Borders,2024,202411,2024-11,0.4543035141837537
1,Hotels,9,Northern Borders,2024,202412,2024-12,0.470698766881973
1,Hotels,10,Jazan,2021,202101,2021-01,0.579850599567525
1,Hotels,10,Jazan,2021,202102,2021-02,0.4209604153147307
1,Hotels,10,Jazan,2021,202103,2021-03,0.39556909134802876
1,Hotels,10,Jazan,2021,202104,2021-04,0.2874342552506351
1,Hotels,10,Jazan,2021,202105,2021-05,0.3369495958952346
1,Hotels,10,Jazan,2021,202106,2021-06,0.34610903399704374
1,Hotels,10,Jazan,2021,202107,2021-07,0.3925596522085421
1,Hotels,10,Jazan,2021,202108,2021-08,0.40520639772154976
1,Hotels,10,Jazan,2021,202109,2021-09,0.35114603798297317
1,Hotels,10,Jazan,2021,202110,2021-10,0.3619817512405955
1,Hotels,10,Jazan,2021,202111,2021-11,0.418963728807795
1,Hotels,10,Jazan,2021,202112,2021-12,0.4002738133193301
1,Hotels,10,Jazan,2022,202201,2022-01,0.42859984089101033
1,Hotels,10,Jazan,2022,202202,2022-02,0.408861459100958
1,Hotels,10,Jazan,2022,202203,2022-03,0.36254899310717664
1,Hotels,10,Jazan,2022,202204,2022-04,0.22056850730575397
1,Hotels,10,Jazan,2022,202205,2022-05,0.34624355939284224
1,Hotels,10,Jazan,2022,202206,2022-06,0.28992610029521293
1,Hotels,10,Jazan,2022,202207,2022-07,0.38651954022988505
1,Hotels,10,Jazan,2022,202208,2022-08,0.4331499873666207
1,Hotels,10,Jazan,2022,202209,2022-09,0.35250597497539715
1,Hotels,10,Jazan,2022,202210,2022-10,0.37950904306698197
1,Hotels,10,Jazan,2022,202211,2022-11,0.42307889038550067
1,Hotels,10,Jazan,2022,202212,2022-12,0.42631597331377274
1,Hotels,10,Jazan,2023,202301,2023-01,0.3989796393071472
1,Hotels,10,Jazan,2023,202302,2023-02,0.38689914365636424
1,Hotels,10,Jazan,2023,202303,2023-03,0.3883175332758786
1,Hotels,10,Jazan,2023,202304,2023-04,0.3534201954397394
1,Hotels,10,Jazan,2023,202305,2023-05,0.36720618790704174
1,Hotels,10,Jazan,2023,202306,2023-06,0.35652013639295915
1,Hotels,10,Jazan,2023,202307,2023-07,0.414398768526376
1,Hotels,10,Jazan,2023,202308,2023-08,0.3939993592280583
1,Hotels,10,Jazan,2023,202309,2023-09,0.367546834359464
1,Hotels,10,Jazan,2023,202310,2023-10,0.34500240374109525
1,Hotels,10,Jazan,2023,202311,2023-11,0.4400849474350092
1,Hotels,10,Jazan,2023,202312,2023-12,0.3627695800227015
1,Hotels,10,Jazan,2024,202401,2024-01,0.4477753521492801
1,Hotels,10,Jazan,2024,202402,2024-02,0.4343852761987305
1,Hotels,10,Jazan,2024,202403,2024-03,0.297008521327356
1,Hotels,10,Jazan,2024,202404,2024-04,0.32175945049627647
1,Hotels,10,Jazan,2024,202405,2024-05,0.37429464991263117
1,Hotels,10,Jazan,2024,202406,2024-06,0.37479458702341434
1,Hotels,10,Jazan,2024,202407,2024-07,0.4299360055301277
1,Hotels,10,Jazan,2024,202408,2024-08,0.4416359487449535
1,Hotels,10,Jazan,2024,202409,2024-09,0.423663837626588
1,Hotels,10,Jazan,2024,202410,2024-10,0.4039856557377049
1,Hotels,10,Jazan,2024,202411,2024-11,0.46935999455893357
1,Hotels,10,Jazan,2024,202412,2024-12,0.45541404236712596
1,Hotels,11,Najran,2021,202101,2021-01,0.35962773446890345
1,Hotels,11,Najran,2021,202102,2021-02,0.3326088558166949
1,Hotels,11,Najran,2021,202103,2021-03,0.3405533491305944
1,Hotels,11,Najran,2021,202104,2021-04,0.27501776600555594
1,Hotels,11,Najran,2021,202105,2021-05,0.30409565450165077
1,Hotels,11,Najran,2021,202106,2021-06,0.3450882389238554
1,Hotels,11,Najran,2021,202107,2021-07,0.3762533970574454
1,Hotels,11,Najran,2021,202108,2021-08,0.49375630676084764
1,Hotels,11,Najran,2021,202109,2021-09,0.4697560975609756
1,Hotels,11,Najran,2021,202110,2021-10,0.4232769459366785
1,Hotels,11,Najran,2021,202111,2021-11,0.3565728053004066
1,Hotels,11,Najran,2021,202112,2021-12,0.3346942650968477
1,Hotels,11,Najran,2022,202201,2022-01,0.36324138333236133
1,Hotels,11,Najran,2022,202202,2022-02,0.33035946016091355
1,Hotels,11,Najran,2022,202203,2022-03,0.3385093167701863
1,Hotels,11,Najran,2022,202204,2022-04,0.26579369159585087
1,Hotels,11,Najran,2022,202205,2022-05,0.33102501168770454
1,Hotels,11,Najran,2022,202206,2022-06,0.35446667310975805
1,Hotels,11,Najran,2022,202207,2022-07,0.3826722662933582
1,Hotels,11,Najran,2022,202208,2022-08,0.4614906222382246
1,Hotels,11,Najran,2022,202209,2022-09,0.3900759976825819
1,Hotels,11,Najran,2022,202210,2022-10,0.36163458291117867
1,Hotels,11,Najran,2022,202211,2022-11,0.3676712893038583
1,Hotels,11,Najran,2022,202212,2022-12,0.3543235386824502
1,Hotels,11,Najran,2023,202301,2023-01,0.37284557347546204
1,Hotels,11,Najran,2023,202302,2023-02,0.38659774918435424
1,Hotels,11,Najran,2023,202303,2023-03,0.3760044028618602
1,Hotels,11,Najran,2023,202304,2023-04,0.32477083048296623
1,Hotels,11,Najran,2023,202305,2023-05,0.37622323418273423
1,Hotels,11,Najran,2023,202306,2023-06,0.3713282352555056
1,Hotels,11,Najran,2023,202307,2023-07,0.44728101595571473
1,Hotels,11,Najran,2023,202308,2023-08,0.4617508266187281
1,Hotels,11,Najran,2023,202309,2023-09,0.38590221510212885
1,Hotels,11,Najran,2023,202310,2023-10,0.3880292782358936
1,Hotels,11,Najran,2023,202311,2023-11,0.40893090616514133
1,Hotels,11,Najran,2023,202312,2023-12,0.39403805066639536
1,Hotels,11,Najran,2024,202401,2024-01,0.4167715440153673
1,Hotels,11,Najran,2024,202402,2024-02,0.4418516606436069
1,Hotels,11,Najran,2024,202403,2024-03,0.36644956314535343
1,Hotels,11,Najran,2024,202404,2024-04,0.3979894276896752
1,Hotels,11,Najran,2024,202405,2024-05,0.4004487126870776
1,Hotels,11,Najran,2024,202406,2024-06,0.3852375300190466
1,Hotels,11,Najran,2024,202407,2024-07,0.4831416209371043
1,Hotels,11,Najran,2024,202408,2024-08,0.5031521318365315
1,Hotels,11,Najran,2024,202409,2024-09,0.42901051496360204
1,Hotels,11,Najran,2024,202410,2024-10,0.409387190134642
1,Hotels,11,Najran,2024,202411,2024-11,0.42540646326776393
1,Hotels,11,Najran,2024,202412,2024-12,0.4143090896155944
1,Hotels,12,Al-Baha,2021,202101,2021-01,0.191676901957951
1,Hotels,12,Al-Baha,2021,202102,2021-02,0.1548478062536286
1,Hotels,12,Al-Baha,2021,202103,2021-03,0.1734419314958912
1,Hotels,12,Al-Baha,2021,202104,2021-04,0.14247795999620816
1,Hotels,12,Al-Baha,2021,202105,2021-05,0.28256754431251074
1,Hotels,12,Al-Baha,2021,202106,2021-06,0.4617717905254706
1,Hotels,12,Al-Baha,2021,202107,2021-07,0.5935000850774205
1,Hotels,12,Al-Baha,2021,202108,2021-08,0.49473454862371996
1,Hotels,12,Al-Baha,2021,202109,2021-09,0.2347287950491445
1,Hotels,12,Al-Baha,2021,202110,2021-10,0.19563379199016065
1,Hotels,12,Al-Baha,2021,202111,2021-11,0.2510708401976936
1,Hotels,12,Al-Baha,2021,202112,2021-12,0.2311095381348434
1,Hotels,12,Al-Baha,2022,202201,2022-01,0.23236256034885533
1,Hotels,12,Al-Baha,2022,202202,2022-02,0.28182431293205196
1,Hotels,12,Al-Baha,2022,202203,2022-03,0.2974221427507078
1,Hotels,12,Al-Baha,2022,202204,2022-04,0.18308578357077904
1,Hotels,12,Al-Baha,2022,202205,2022-05,0.33585536795157694
1,Hotels,12,Al-Baha,2022,202206,2022-06,0.2616696210010973
1,Hotels,12,Al-Baha,2022,202207,2022-07,0.4957151760673107
1,Hotels,12,Al-Baha,2022,202208,2022-08,0.6213089555861177
1,Hotels,12,Al-Baha,2022,202209,2022-09,0.25541163946061035
1,Hotels,12,Al-Baha,2022,202210,2022-10,0.22368878082667593
1,Hotels,12,Al-Baha,2022,202211,2022-11,0.2563612014539889
1,Hotels,12,Al-Baha,2022,202212,2022-12,0.2328269176996924
1,Hotels,12,Al-Baha,2023,202301,2023-01,0.22207780954856599
1,Hotels,12,Al-Baha,2023,202302,2023-02,0.21687462863933452
1,Hotels,12,Al-Baha,2023,202303,2023-03,0.21866372170071782
1,Hotels,12,Al-Baha,2023,202304,2023-04,0.23163686382393398
1,Hotels,12,Al-Baha,2023,202305,2023-05,0.3142519111758282
1,Hotels,12,Al-Baha,2023,202306,2023-06,0.3501878069921988
1,Hotels,12,Al-Baha,2023,202307,2023-07,0.5945075588156364
1,Hotels,12,Al-Baha,2023,202308,2023-08,0.48860620481376404
1,Hotels,12,Al-Baha,2023,202309,2023-09,0.2865971417535728
1,Hotels,12,Al-Baha,2023,202310,2023-10,0.2902531363670106
1,Hotels,12,Al-Baha,2023,202311,2023-11,0.3076734693877551
1,Hotels,12,Al-Baha,2023,202312,2023-12,0.2991298042059463
1,Hotels,12,Al-Baha,2024,202401,2024-01,0.3414534455979727
1,Hotels,12,Al-Baha,2024,202402,2024-02,0.3115449165268086
1,Hotels,12,Al-Baha,2024,202403,2024-03,0.2710696580119318
1,Hotels,12,Al-Baha,2024,202404,2024-04,0.3180923900212481
1,Hotels,12,Al-Baha,2024,202405,2024-05,0.33555399719495094
1,Hotels,12,Al-Baha,2024,202406,2024-06,0.37444160816847477
1,Hotels,12,Al-Baha,2024,202407,2024-07,0.5899326707277974
1,Hotels,12,Al-Baha,2024,202408,2024-08,0.48564533577431973
1,Hotels,12,Al-Baha,2024,202409,2024-09,0.3132877205617573
1,Hotels,12,Al-Baha,2024,202410,2024-10,0.2620611976722358
1,Hotels,12,Al-Baha,2024,202411,2024-11,0.2880241648898365
1,Hotels,12,Al-Baha,2024,202412,2024-12,0.254157170591711
1,Hotels,13,Al-Jouf,2021,202101,2021-01,0.45570462357245817
1,Hotels,13,Al-Jouf,2021,202102,2021-02,0.4539074580706554
1,Hotels,13,Al-Jouf,2021,202103,2021-03,0.52420276966078
1,Hotels,13,Al-Jouf,2021,202104,2021-04,0.5028587365778832
1,Hotels,13,Al-Jouf,2021,202105,2021-05,0.5100947158524427
1,Hotels,13,Al-Jouf,2021,202106,2021-06,0.5457599629286376
1,Hotels,13,Al-Jouf,2021,202107,2021-07,0.43195909931469595
1,Hotels,13,Al-Jouf,2021,202108,2021-08,0.4794459833795014
1,Hotels,13,Al-Jouf,2021,202109,2021-09,0.5432128611144688
1,Hotels,13,Al-Jouf,2021,202110,2021-10,0.5381657149516373
1,Hotels,13,Al-Jouf,2021,202111,2021-11,0.5090697674418605
1,Hotels,13,Al-Jouf,2021,202112,2021-12,0.48557336621454994
1,Hotels,13,Al-Jouf,2022,202201,2022-01,0.456052691346809
1,Hotels,13,Al-Jouf,2022,202202,2022-02,0.4886561954624782
1,Hotels,13,Al-Jouf,2022,202203,2022-03,0.5137692587650128
1,Hotels,13,Al-Jouf,2022,202204,2022-04,0.30903866248693834
1,Hotels,13,Al-Jouf,2022,202205,2022-05,0.4306614980617732
1,Hotels,13,Al-Jouf,2022,202206,2022-06,0.40306462358427714
1,Hotels,13,Al-Jouf,2022,202207,2022-07,0.33857300749109664
1,Hotels,13,Al-Jouf,2022,202208,2022-08,0.42395727365208546
1,Hotels,13,Al-Jouf,2022,202209,2022-09,0.46115680898289596
1,Hotels,13,Al-Jouf,2022,202210,2022-10,0.4947132727951238
1,Hotels,13,Al-Jouf,2022,202211,2022-11,0.44558189655172414
1,Hotels,13,Al-Jouf,2022,202212,2022-12,0.4477154655654722
1,Hotels,13,Al-Jouf,2023,202301,2023-01,0.4935729275970619
1,Hotels,13,Al-Jouf,2023,202302,2023-02,0.5700455580865603
1,Hotels,13,Al-Jouf,2023,202303,2023-03,0.5181616011860638
1,Hotels,13,Al-Jouf,2023,202304,2023-04,0.4121212121212121
1,Hotels,13,Al-Jouf,2023,202305,2023-05,0.3668418747262374
1,Hotels,13,Al-Jouf,2023,202306,2023-06,0.28193599576831524
1,Hotels,13,Al-Jouf,2023,202307,2023-07,0.32051282051282054
1,Hotels,13,Al-Jouf,2023,202308,2023-08,0.3330967799166149
1,Hotels,13,Al-Jouf,2023,202309,2023-09,0.32661882942854675
1,Hotels,13,Al-Jouf,2023,202310,2023-10,0.33104148761622004
1,Hotels,13,Al-Jouf,2023,202311,2023-11,0.32457724511574454
1,Hotels,13,Al-Jouf,2023,202312,2023-12,0.2847612073875193
1,Hotels,13,Al-Jouf,2024,202401,2024-01,0.34664811328476713
1,Hotels,13,Al-Jouf,2024,202402,2024-02,0.334084272006675
1,Hotels,13,Al-Jouf,2024,202403,2024-03,0.2578870732891118
1,Hotels,13,Al-Jouf,2024,202404,2024-04,0.266532420459122
1,Hotels,13,Al-Jouf,2024,202405,2024-05,0.31338927398759575
1,Hotels,13,Al-Jouf,2024,202406,2024-06,0.27642039238567573
1,Hotels,13,Al-Jouf,2024,202407,2024-07,0.3580611052367967
1,Hotels,13,Al-Jouf,2024,202408,2024-08,0.3848304610848457
1,Hotels,13,Al-Jouf,2024,202409,2024-09,0.4063109954456734
1,Hotels,13,Al-Jouf,2024,202410,2024-10,0.3785337552742616
1,Hotels,13,Al-Jouf,2024,202411,2024-11,0.42313290784906504
1,Hotels,13,Al-Jouf,2024,202412,2024-12,0.3560245792145338
1,Hotels,15,Grand Total,2021,202101,2021-01,0.4038692063147277
1,Hotels,15,Grand Total,2021,202102,2021-02,0.3026937886178051
1,Hotels,15,Grand Total,2021,202103,2021-03,0.34506933568072434
1,Hotels,15,Grand Total,2021,202104,2021-04,0.2974821789978723
1,Hotels,15,Grand Total,2021,202105,2021-05,0.3616688207204783
1,Hotels,15,Grand Total,2021,202106,2021-06,0.42982223506258443
1,Hotels,15,Grand Total,2021,202107,2021-07,0.4307172730569322
1,Hotels,15,Grand Total,2021,202108,2021-08,0.44143562994908153
1,Hotels,15,Grand Total,2021,202109,2021-09,0.4337316897211505
1,Hotels,15,Grand Total,2021,202110,2021-10,0.4836456016400347
1,Hotels,15,Grand Total,2021,202111,2021-11,0.5231439009575855
1,Hotels,15,Grand Total,2021,202112,2021-12,0.5480025174547718
1,Hotels,15,Grand Total,2022,202201,2022-01,0.48357219037461674
1,Hotels,15,Grand Total,2022,202202,2022-02,0.541106291829433
1,Hotels,15,Grand Total,2022,202203,2022-03,0.6083689724029665
1,Hotels,15,Grand Total,2022,202204,2022-04,0.5391548885129523
1,Hotels,15,Grand Total,2022,202205,2022-05,0.480560556452505
1,Hotels,15,Grand Total,2022,202206,2022-06,0.41536944509362567
1,Hotels,15,Grand Total,2022,202207,2022-07,0.49540948886482056
1,Hotels,15,Grand Total,2022,202208,2022-08,0.5154283106943551
1,Hotels,15,Grand Total,2022,202209,2022-09,0.4989593265488597
1,Hotels,15,Grand Total,2022,202210,2022-10,0.5761778322895152
1,Hotels,15,Grand Total,2022,202211,2022-11,0.6110927877090617
1,Hotels,15,Grand Total,2022,202212,2022-12,0.6240605612746509
1,Hotels,15,Grand Total,2023,202301,2023-01,0.6236144782476981
1,Hotels,15,Grand Total,2023,202302,2023-02,0.660765109994587
1,Hotels,15,Grand Total,2023,202303,2023-03,0.6145290420660275
1,Hotels,15,Grand Total,2023,202304,2023-04,0.5767437965779998
1,Hotels,15,Grand Total,2023,202305,2023-05,0.4946302265666356
1,Hotels,15,Grand Total,2023,202306,2023-06,0.5785721989626332
1,Hotels,15,Grand Total,2023,202307,2023-07,0.5718975038227855
1,Hotels,15,Grand Total,2023,202308,2023-08,0.5296963936126793
1,Hotels,15,Grand Total,2023,202309,2023-09,0.504978685328197
1,Hotels,15,Grand Total,2023,202310,2023-10,0.5615858996556621
1,Hotels,15,Grand Total,2023,202311,2023-11,0.6306842350866579
1,Hotels,15,Grand Total,2023,202312,2023-12,0.6111123186726702
1,Hotels,15,Grand Total,2024,202401,2024-01,0.6310540274155311
1,Hotels,15,Grand Total,2024,202402,2024-02,0.6427852624642073
1,Hotels,15,Grand Total,2024,202403,2024-03,0.5627541220774067
1,Hotels,15,Grand Total,2024,202404,2024-04,0.5333820290231622
1,Hotels,15,Grand Total,2024,202405,2024-05,0.498012823786685
1,Hotels,15,Grand Total,2024,202406,2024-06,0.6380924394598328
1,Hotels,15,Grand Total,2024,202407,2024-07,0.46621285023341436
1,Hotels,15,Grand Total,2024,202408,2024-08,0.46360731797637006
1,Hotels,15,Grand Total,2024,202409,2024-09,0.45490601499428174
1,Hotels,15,Grand Total,2024,202410,2024-10,0.5132511269773966
1,Hotels,15,Grand Total,2024,202411,2024-11,0.575081285737345
1,Hotels,15,Grand Total,2024,202412,2024-12,0.5860391523892918
2,Apartments and Others,1,Al-Riyadh,2021,202101,2021-01,0.6719917287353662
2,Apartments and Others,1,Al-Riyadh,2021,202102,2021-02,0.5738646953498843
2,Apartments and Others,1,Al-Riyadh,2021,202103,2021-03,0.6278516096936962
2,Apartments and Others,1,Al-Riyadh,2021,202104,2021-04,0.5060443667723794
2,Apartments and Others,1,Al-Riyadh,2021,202105,2021-05,0.5077926593890899
2,Apartments and Others,1,Al-Riyadh,2021,202106,2021-06,0.6871350306413835
2,Apartments and Others,1,Al-Riyadh,2021,202107,2021-07,0.6188168081749482
2,Apartments and Others,1,Al-Riyadh,2021,202108,2021-08,0.6406618442786353
2,Apartments and Others,1,Al-Riyadh,2021,202109,2021-09,0.6546602443323406
2,Apartments and Others,1,Al-Riyadh,2021,202110,2021-10,0.6764548141189003
2,Apartments and Others,1,Al-Riyadh,2021,202111,2021-11,0.7086154756112685
2,Apartments and Others,1,Al-Riyadh,2021,202112,2021-12,0.7275785838932121
2,Apartments and Others,1,Al-Riyadh,2022,202201,2022-01,0.6784878497935277
2,Apartments and Others,1,Al-Riyadh,2022,202202,2022-02,0.7006184135402659
2,Apartments and Others,1,Al-Riyadh,2022,202203,2022-03,0.7176201065151503
2,Apartments and Others,1,Al-Riyadh,2022,202204,2022-04,0.46296304034431607
2,Apartments and Others,1,Al-Riyadh,2022,202205,2022-05,0.6187788862031227
2,Apartments and Others,1,Al-Riyadh,2022,202206,2022-06,0.6354535647581632
2,Apartments and Others,1,Al-Riyadh,2022,202207,2022-07,0.6115044892350879
2,Apartments and Others,1,Al-Riyadh,2022,202208,2022-08,0.7229241363610495
2,Apartments and Others,1,Al-Riyadh,2022,202209,2022-09,0.6740421843034857
2,Apartments and Others,1,Al-Riyadh,2022,202210,2022-10,0.6875908462264779
2,Apartments and Others,1,Al-Riyadh,2022,202211,2022-11,0.7164604983377234
2,Apartments and Others,1,Al-Riyadh,2022,202212,2022-12,0.7098513387612914
2,Apartments and Others,1,Al-Riyadh,2023,202301,2023-01,0.7257426989677489
2,Apartments and Others,1,Al-Riyadh,2023,202302,2023-02,0.7162656167517156
2,Apartments and Others,1,Al-Riyadh,2023,202303,2023-03,0.6130343481243075
2,Apartments and Others,1,Al-Riyadh,2023,202304,2023-04,0.5365511172081767
2,Apartments and Others,1,Al-Riyadh,2023,202305,2023-05,0.6805201970923003
2,Apartments and Others,1,Al-Riyadh,2023,202306,2023-06,0.6236234458259325
2,Apartments and Others,1,Al-Riyadh,2023,202307,2023-07,0.6964382451337571
2,Apartments and Others,1,Al-Riyadh,2023,202308,2023-08,0.7235856409922441
2,Apartments and Others,1,Al-Riyadh,2023,202309,2023-09,0.7131819535956234
2,Apartments and Others,1,Al-Riyadh,2023,202310,2023-10,0.7338292397144491
2,Apartments and Others,1,Al-Riyadh,2023,202311,2023-11,0.7704571185694781
2,Apartments and Others,1,Al-Riyadh,2023,202312,2023-12,0.7489883671401084
2,Apartments and Others,1,Al-Riyadh,2024,202401,2024-01,0.7657668312048892
2,Apartments and Others,1,Al-Riyadh,2024,202402,2024-02,0.7568735917484738
2,Apartments and Others,1,Al-Riyadh,2024,202403,2024-03,0.5808030559408565
2,Apartments and Others,1,Al-Riyadh,2024,202404,2024-04,0.5905756255310848
2,Apartments and Others,1,Al-Riyadh,2024,202405,2024-05,0.7032460740435039
2,Apartments and Others,1,Al-Riyadh,2024,202406,2024-06,0.5801812837719595
2,Apartments and Others,1,Al-Riyadh,2024,202407,2024-07,0.6974929184458631
2,Apartments and Others,1,Al-Riyadh,2024,202408,2024-08,0.6760911709362899
2,Apartments and Others,1,Al-Riyadh,2024,202409,2024-09,0.6608560756057235
2,Apartments and Others,1,Al-Riyadh,2024,202410,2024-10,0.688538267121439
2,Apartments and Others,1,Al-Riyadh,2024,202411,2024-11,0.7320314192759805
2,Apartments and Others,1,Al-Riyadh,2024,202412,2024-12,0.7248502416948708
2,Apartments and Others,2,Makkah Al-Mokarramah,2021,202101,2021-01,0.5027811431391109
2,Apartments and Others,2,Makkah Al-Mokarramah,2021,202102,2021-02,0.3568585957828138
2,Apartments and Others,2,Makkah Al-Mokarramah,2021,202103,2021-03,0.40198706099815157
2,Apartments and Others,2,Makkah Al-Mokarramah,2021,202104,2021-04,0.3335515998876423
2,Apartments and Others,2,Makkah Al-Mokarramah,2021,202105,2021-05,0.4231109249186049
2,Apartments and Others,2,Makkah Al-Mokarramah,2021,202106,2021-06,0.5783279820291263
2,Apartments and Others,2,Makkah Al-Mokarramah,2021,202107,2021-07,0.5269115178954764
2,Apartments and Others,2,Makkah Al-Mokarramah,2021,202108,2021-08,0.4866240098000521
2,Apartments and Others,2,Makkah Al-Mokarramah,2021,202109,2021-09,0.4132101394518101
2,Apartments and Others,2,Makkah Al-Mokarramah,2021,202110,2021-10,0.41849896422467603
2,Apartments and Others,2,Makkah Al-Mokarramah,2021,202111,2021-11,0.4610714673560827
2,Apartments and Others,2,Makkah Al-Mokarramah,2021,202112,2021-12,0.5158339495088201
2,Apartments and Others,2,Makkah Al-Mokarramah,2022,202201,2022-01,0.48453491649447333
2,Apartments and Others,2,Makkah Al-Mokarramah,2022,202202,2022-02,0.4516289758399089
2,Apartments and Others,2,Makkah Al-Mokarramah,2022,202203,2022-03,0.47474971205811994
2,Apartments and Others,2,Makkah Al-Mokarramah,2022,202204,2022-04,0.4248229642075872
2,Apartments and Others,2,Makkah Al-Mokarramah,2022,202205,2022-05,0.49179150885755574
2,Apartments and Others,2,Makkah Al-Mokarramah,2022,202206,2022-06,0.4524735071260701
2,Apartments and Others,2,Makkah Al-Mokarramah,2022,202207,2022-07,0.5369797798160391
2,Apartments and Others,2,Makkah Al-Mokarramah,2022,202208,2022-08,0.6209607948055299
2,Apartments and Others,2,Makkah Al-Mokarramah,2022,202209,2022-09,0.4451662140108757
2,Apartments and Others,2,Makkah Al-Mokarramah,2022,202210,2022-10,0.434806000628338
2,Apartments and Others,2,Makkah Al-Mokarramah,2022,202211,2022-11,0.471943682304547
2,Apartments and Others,2,Makkah Al-Mokarramah,2022,202212,2022-12,0.44464044407402314
2,Apartments and Others,2,Makkah Al-Mokarramah,2023,202301,2023-01,0.45302923420335844
2,Apartments and Others,2,Makkah Al-Mokarramah,2023,202302,2023-02,0.47158963471911636
2,Apartments and Others,2,Makkah Al-Mokarramah,2023,202303,2023-03,0.49656563453990404
2,Apartments and Others,2,Makkah Al-Mokarramah,2023,202304,2023-04,0.5289912372366808
2,Apartments and Others,2,Makkah Al-Mokarramah,2023,202305,2023-05,0.5160061041885864
2,Apartments and Others,2,Makkah Al-Mokarramah,2023,202306,2023-06,0.46836036027720024
2,Apartments and Others,2,Makkah Al-Mokarramah,2023,202307,2023-07,0.5897122774963062
2,Apartments and Others,2,Makkah Al-Mokarramah,2023,202308,2023-08,0.5611988056078504
2,Apartments and Others,2,Makkah Al-Mokarramah,2023,202309,2023-09,0.42739831300130227
2,Apartments and Others,2,Makkah Al-Mokarramah,2023,202310,2023-10,0.4155655719534887
2,Apartments and Others,2,Makkah Al-Mokarramah,2023,202311,2023-11,0.5102418176181408
2,Apartments and Others,2,Makkah Al-Mokarramah,2023,202312,2023-12,0.46404884678330627
2,Apartments and Others,2,Makkah Al-Mokarramah,2024,202401,2024-01,0.5037624271873326
2,Apartments and Others,2,Makkah Al-Mokarramah,2024,202402,2024-02,0.4957050114796928
2,Apartments and Others,2,Makkah Al-Mokarramah,2024,202403,2024-03,0.44799275958266815
2,Apartments and Others,2,Makkah Al-Mokarramah,2024,202404,2024-04,0.46991193837729606
2,Apartments and Others,2,Makkah Al-Mokarramah,2024,202405,2024-05,0.4972610034981465
2,Apartments and Others,2,Makkah Al-Mokarramah,2024,202406,2024-06,0.5191185295399058
2,Apartments and Others,2,Makkah Al-Mokarramah,2024,202407,2024-07,0.6550725520117818
2,Apartments and Others,2,Makkah Al-Mokarramah,2024,202408,2024-08,0.5688571930115606
2,Apartments and Others,2,Makkah Al-Mokarramah,2024,202409,2024-09,0.45804872530569013
2,Apartments and Others,2,Makkah Al-Mokarramah,2024,202410,2024-10,0.4385227552882008
2,Apartments and Others,2,Makkah Al-Mokarramah,2024,202411,2024-11,0.5017928476694966
2,Apartments and Others,2,Makkah Al-Mokarramah,2024,202412,2024-12,0.466399506206912
2,Apartments and Others,3,Al-Madinah Al-Monawarah,2021,202101,2021-01,0.5072800328357564
2,Apartments and Others,3,Al-Madinah Al-Monawarah,2021,202102,2021-02,0.33022203702601344
2,Apartments and Others,3,Al-Madinah Al-Monawarah,2021,202103,2021-03,0.3566388934017221
2,Apartments and Others,3,Al-Madinah Al-Monawarah,2021,202104,2021-04,0.2668913613356044
2,Apartments and Others,3,Al-Madinah Al-Monawarah,2021,202105,2021-05,0.38201689569226016
2,Apartments and Others,3,Al-Madinah Al-Monawarah,2021,202106,2021-06,0.41999319573599453
2,Apartments and Others,3,Al-Madinah Al-Monawarah,2021,202107,2021-07,0.40848597264085323
2,Apartments and Others,3,Al-Madinah Al-Monawarah,2021,202108,2021-08,0.3823910280018533
2,Apartments and Others,3,Al-Madinah Al-Monawarah,2021,202109,2021-09,0.3518995811751877
2,Apartments and Others,3,Al-Madinah Al-Monawarah,2021,202110,2021-10,0.3816435137189854
2,Apartments and Others,3,Al-Madinah Al-Monawarah,2021,202111,2021-11,0.4422899128996156
2,Apartments and Others,3,Al-Madinah Al-Monawarah,2021,202112,2021-12,0.39782174476355
2,Apartments and Others,3,Al-Madinah Al-Monawarah,2022,202201,2022-01,0.4126200136078422
2,Apartments and Others,3,Al-Madinah Al-Monawarah,2022,202202,2022-02,0.4351381838691483
2,Apartments and Others,3,Al-Madinah Al-Monawarah,2022,202203,2022-03,0.47724020219260815
2,Apartments and Others,3,Al-Madinah Al-Monawarah,2022,202204,2022-04,0.4085691234129287
2,Apartments and Others,3,Al-Madinah Al-Monawarah,2022,202205,2022-05,0.42034606612676345
2,Apartments and Others,3,Al-Madinah Al-Monawarah,2022,202206,2022-06,0.36869208480362625
2,Apartments and Others,3,Al-Madinah Al-Monawarah,2022,202207,2022-07,0.4710764344403784
2,Apartments and Others,3,Al-Madinah Al-Monawarah,2022,202208,2022-08,0.5146001548501272
2,Apartments and Others,3,Al-Madinah Al-Monawarah,2022,202209,2022-09,0.40171495977254856
2,Apartments and Others,3,Al-Madinah Al-Monawarah,2022,202210,2022-10,0.4269909647822317
2,Apartments and Others,3,Al-Madinah Al-Monawarah,2022,202211,2022-11,0.48193912318154186
2,Apartments and Others,3,Al-Madinah Al-Monawarah,2022,202212,2022-12,0.48447542060612986
2,Apartments and Others,3,Al-Madinah Al-Monawarah,2023,202301,2023-01,0.47956587636678577
2,Apartments and Others,3,Al-Madinah Al-Monawarah,2023,202302,2023-02,0.5313595978489596
2,Apartments and Others,3,Al-Madinah Al-Monawarah,2023,202303,2023-03,0.4779652733858449
2,Apartments and Others,3,Al-Madinah Al-Monawarah,2023,202304,2023-04,0.4554061678616153
2,Apartments and Others,3,Al-Madinah Al-Monawarah,2023,202305,2023-05,0.42386274947039804
2,Apartments and Others,3,Al-Madinah Al-Monawarah,2023,202306,2023-06,0.414333437137276
2,Apartments and Others,3,Al-Madinah Al-Monawarah,2023,202307,2023-07,0.5280967194570135
2,Apartments and Others,3,Al-Madinah Al-Monawarah,2023,202308,2023-08,0.45583803092035496
2,Apartments and Others,3,Al-Madinah Al-Monawarah,2023,202309,2023-09,0.36412719121708836
2,Apartments and Others,3,Al-Madinah Al-Monawarah,2023,202310,2023-10,0.3623581413637411
2,Apartments and Others,3,Al-Madinah Al-Monawarah,2023,202311,2023-11,0.5004055150040552
2,Apartments and Others,3,Al-Madinah Al-Monawarah,2023,202312,2023-12,0.47646720210520543
2,Apartments and Others,3,Al-Madinah Al-Monawarah,2024,202401,2024-01,0.537580403559785
2,Apartments and Others,3,Al-Madinah Al-Monawarah,2024,202402,2024-02,0.528070533595325
2,Apartments and Others,3,Al-Madinah Al-Monawarah,2024,202403,2024-03,0.39856671595950405
2,Apartments and Others,3,Al-Madinah Al-Monawarah,2024,202404,2024-04,0.41467934704204723
2,Apartments and Others,3,Al-Madinah Al-Monawarah,2024,202405,2024-05,0.4262246833373302
2,Apartments and Others,3,Al-Madinah Al-Monawarah,2024,202406,2024-06,0.4264939535704828
2,Apartments and Others,3,Al-Madinah Al-Monawarah,2024,202407,2024-07,0.5112198688138415
2,Apartments and Others,3,Al-Madinah Al-Monawarah,2024,202408,2024-08,0.4365735091123692
2,Apartments and Others,3,Al-Madinah Al-Monawarah,2024,202409,2024-09,0.4015719586018356
2,Apartments and Others,3,Al-Madinah Al-Monawarah,2024,202410,2024-10,0.4120259587899554
2,Apartments and Others,3,Al-Madinah Al-Monawarah,2024,202411,2024-11,0.5344529829402681
2,Apartments and Others,3,Al-Madinah Al-Monawarah,2024,202412,2024-12,0.5124292224830824
2,Apartments and Others,4,Al-Qaseem,2021,202101,2021-01,0.5197510174766579
2,Apartments and Others,4,Al-Qaseem,2021,202102,2021-02,0.41091860084995097
2,Apartments and Others,4,Al-Qaseem,2021,202103,2021-03,0.4482181824357026
2,Apartments and Others,4,Al-Qaseem,2021,202104,2021-04,0.36809848458087535
2,Apartments and Others,4,Al-Qaseem,2021,202105,2021-05,0.4196523502212991
2,Apartments and Others,4,Al-Qaseem,2021,202106,2021-06,0.45719777760223296
2,Apartments and Others,4,Al-Qaseem,2021,202107,2021-07,0.46965470889691674
2,Apartments and Others,4,Al-Qaseem,2021,202108,2021-08,0.48577402358451116
2,Apartments and Others,4,Al-Qaseem,2021,202109,2021-09,0.4858460255987218
2,Apartments and Others,4,Al-Qaseem,2021,202110,2021-10,0.4828877685040037
2,Apartments and Others,4,Al-Qaseem,2021,202111,2021-11,0.49206684628524133
2,Apartments and Others,4,Al-Qaseem,2021,202112,2021-12,0.475734942066456
2,Apartments and Others,4,Al-Qaseem,2022,202201,2022-01,0.49394284712482467
2,Apartments and Others,4,Al-Qaseem,2022,202202,2022-02,0.5408388520971302
2,Apartments and Others,4,Al-Qaseem,2022,202203,2022-03,0.5292755069313282
2,Apartments and Others,4,Al-Qaseem,2022,202204,2022-04,0.3550774592596848
2,Apartments and Others,4,Al-Qaseem,2022,202205,2022-05,0.49651990578604255
2,Apartments and Others,4,Al-Qaseem,2022,202206,2022-06,0.44926860912388417
2,Apartments and Others,4,Al-Qaseem,2022,202207,2022-07,0.5099869949325082
2,Apartments and Others,4,Al-Qaseem,2022,202208,2022-08,0.5646508642428133
2,Apartments and Others,4,Al-Qaseem,2022,202209,2022-09,0.5175138787363929
2,Apartments and Others,4,Al-Qaseem,2022,202210,2022-10,0.5081524816003019
2,Apartments and Others,4,Al-Qaseem,2022,202211,2022-11,0.5140696858679554
2,Apartments and Others,4,Al-Qaseem,2022,202212,2022-12,0.4864335227992863
2,Apartments and Others,4,Al-Qaseem,2023,202301,2023-01,0.502812126628265
2,Apartments and Others,4,Al-Qaseem,2023,202302,2023-02,0.49468226241542473
2,Apartments and Others,4,Al-Qaseem,2023,202303,2023-03,0.45483999013013204
2,Apartments and Others,4,Al-Qaseem,2023,202304,2023-04,0.4310904822647901
2,Apartments and Others,4,Al-Qaseem,2023,202305,2023-05,0.4357133914785294
2,Apartments and Others,4,Al-Qaseem,2023,202306,2023-06,0.4185026207827545
2,Apartments and Others,4,Al-Qaseem,2023,202307,2023-07,0.48727516264829696
2,Apartments and Others,4,Al-Qaseem,2023,202308,2023-08,0.5202293130473863
2,Apartments and Others,4,Al-Qaseem,2023,202309,2023-09,0.5060046928327645
2,Apartments and Others,4,Al-Qaseem,2023,202310,2023-10,0.47167397472272377
2,Apartments and Others,4,Al-Qaseem,2023,202311,2023-11,0.5509437175979646
2,Apartments and Others,4,Al-Qaseem,2023,202312,2023-12,0.48589687788617714
2,Apartments and Others,4,Al-Qaseem,2024,202401,2024-01,0.5541570195748263
2,Apartments and Others,4,Al-Qaseem,2024,202402,2024-02,0.5545901694196902
2,Apartments and Others,4,Al-Qaseem,2024,202403,2024-03,0.4076871562352476
2,Apartments and Others,4,Al-Qaseem,2024,202404,2024-04,0.48463479475510296
2,Apartments and Others,4,Al-Qaseem,2024,202405,2024-05,0.5049174862477079
2,Apartments and Others,4,Al-Qaseem,2024,202406,2024-06,0.4884599244649601
2,Apartments and Others,4,Al-Qaseem,2024,202407,2024-07,0.5473834320038028
2,Apartments and Others,4,Al-Qaseem,2024,202408,2024-08,0.5684491748179429
2,Apartments and Others,4,Al-Qaseem,2024,202409,2024-09,0.504701876240303
2,Apartments and Others,4,Al-Qaseem,2024,202410,2024-10,0.4806609986827925
2,Apartments and Others,4,Al-Qaseem,2024,202411,2024-11,0.5634403747389808
2,Apartments and Others,4,Al-Qaseem,2024,202412,2024-12,0.4847345301548892
2,Apartments and Others,5,Eastern Region,2021,202101,2021-01,0.538640754285992
2,Apartments and Others,5,Eastern Region,2021,202102,2021-02,0.442634697533416
2,Apartments and Others,5,Eastern Region,2021,202103,2021-03,0.49565420398582843
2,Apartments and Others,5,Eastern Region,2021,202104,2021-04,0.4062970701132112
2,Apartments and Others,5,Eastern Region,2021,202105,2021-05,0.4437909549897948
2,Apartments and Others,5,Eastern Region,2021,202106,2021-06,0.5009507731126239
2,Apartments and Others,5,Eastern Region,2021,202107,2021-07,0.48369241300358196
2,Apartments and Others,5,Eastern Region,2021,202108,2021-08,0.4871248727449824
2,Apartments and Others,5,Eastern Region,2021,202109,2021-09,0.4937633905484276
2,Apartments and Others,5,Eastern Region,2021,202110,2021-10,0.540943776098628
2,Apartments and Others,5,Eastern Region,2021,202111,2021-11,0.5278915415933894
2,Apartments and Others,5,Eastern Region,2021,202112,2021-12,0.49280284954134734
2,Apartments and Others,5,Eastern Region,2022,202201,2022-01,0.47197259654441753
2,Apartments and Others,5,Eastern Region,2022,202202,2022-02,0.5164725375731251
2,Apartments and Others,5,Eastern Region,2022,202203,2022-03,0.529420933897133
2,Apartments and Others,5,Eastern Region,2022,202204,2022-04,0.32488997994192137
2,Apartments and Others,5,Eastern Region,2022,202205,2022-05,0.49466943839173155
2,Apartments and Others,5,Eastern Region,2022,202206,2022-06,0.4584147028848946
2,Apartments and Others,5,Eastern Region,2022,202207,2022-07,0.47306587693534347
2,Apartments and Others,5,Eastern Region,2022,202208,2022-08,0.5049669977998533
2,Apartments and Others,5,Eastern Region,2022,202209,2022-09,0.4858864111159695
2,Apartments and Others,5,Eastern Region,2022,202210,2022-10,0.5064296358237117
2,Apartments and Others,5,Eastern Region,2022,202211,2022-11,0.5501224791902862
2,Apartments and Others,5,Eastern Region,2022,202212,2022-12,0.5128518345794533
2,Apartments and Others,5,Eastern Region,2023,202301,2023-01,0.5194985988307484
2,Apartments and Others,5,Eastern Region,2023,202302,2023-02,0.5450577922842674
2,Apartments and Others,5,Eastern Region,2023,202303,2023-03,0.5239212424442525
2,Apartments and Others,5,Eastern Region,2023,202304,2023-04,0.4596711777626677
2,Apartments and Others,5,Eastern Region,2023,202305,2023-05,0.5293333412867897
2,Apartments and Others,5,Eastern Region,2023,202306,2023-06,0.4873591255190112
2,Apartments and Others,5,Eastern Region,2023,202307,2023-07,0.5024558165514142
2,Apartments and Others,5,Eastern Region,2023,202308,2023-08,0.5160088324592879
2,Apartments and Others,5,Eastern Region,2023,202309,2023-09,0.4996123522465678
2,Apartments and Others,5,Eastern Region,2023,202310,2023-10,0.5264480212299527
2,Apartments and Others,5,Eastern Region,2023,202311,2023-11,0.5907760645004569
2,Apartments and Others,5,Eastern Region,2023,202312,2023-12,0.5236878701450983
2,Apartments and Others,5,Eastern Region,2024,202401,2024-01,0.5725572842761064
2,Apartments and Others,5,Eastern Region,2024,202402,2024-02,0.6177341206866958
2,Apartments and Others,5,Eastern Region,2024,202403,2024-03,0.47152584927911134
2,Apartments and Others,5,Eastern Region,2024,202404,2024-04,0.5206327312212945
2,Apartments and Others,5,Eastern Region,2024,202405,2024-05,0.603108298688342
2,Apartments and Others,5,Eastern Region,2024,202406,2024-06,0.5002628612233309
2,Apartments and Others,5,Eastern Region,2024,202407,2024-07,0.5675303182543563
2,Apartments and Others,5,Eastern Region,2024,202408,2024-08,0.5450471943297499
2,Apartments and Others,5,Eastern Region,2024,202409,2024-09,0.5462306843267108
2,Apartments and Others,5,Eastern Region,2024,202410,2024-10,0.5746393854718467
2,Apartments and Others,5,Eastern Region,2024,202411,2024-11,0.6365228353361926
2,Apartments and Others,5,Eastern Region,2024,202412,2024-12,0.5780191663200195
2,Apartments and Others,6,Aseer,2021,202101,2021-01,0.3729618234406149
2,Apartments and Others,6,Aseer,2021,202102,2021-02,0.3354433261988251
2,Apartments and Others,6,Aseer,2021,202103,2021-03,0.37361928516138543
2,Apartments and Others,6,Aseer,2021,202104,2021-04,0.31135739134407653
2,Apartments and Others,6,Aseer,2021,202105,2021-05,0.39066470509562656
2,Apartments and Others,6,Aseer,2021,202106,2021-06,0.5567428633927595
2,Apartments and Others,6,Aseer,2021,202107,2021-07,0.6233014409464566
2,Apartments and Others,6,Aseer,2021,202108,2021-08,0.552382827884994
2,Apartments and Others,6,Aseer,2021,202109,2021-09,0.3631730426812538
2,Apartments and Others,6,Aseer,2021,202110,2021-10,0.351948763811557
2,Apartments and Others,6,Aseer,2021,202111,2021-11,0.35371338349102305
2,Apartments and Others,6,Aseer,2021,202112,2021-12,0.3297157622739018
2,Apartments and Others,6,Aseer,2022,202201,2022-01,0.33112449546706235
2,Apartments and Others,6,Aseer,2022,202202,2022-02,0.34767332308542365
2,Apartments and Others,6,Aseer,2022,202203,2022-03,0.3681080072999507
2,Apartments and Others,6,Aseer,2022,202204,2022-04,0.27254469476488125
2,Apartments and Others,6,Aseer,2022,202205,2022-05,0.44004617752693687
2,Apartments and Others,6,Aseer,2022,202206,2022-06,0.36877263469599125
2,Apartments and Others,6,Aseer,2022,202207,2022-07,0.5448757292267252
2,Apartments and Others,6,Aseer,2022,202208,2022-08,0.6083587696642404
2,Apartments and Others,6,Aseer,2022,202209,2022-09,0.34603427936992576
2,Apartments and Others,6,Aseer,2022,202210,2022-10,0.33293894112652334
2,Apartments and Others,6,Aseer,2022,202211,2022-11,0.34992985815760763
2,Apartments and Others,6,Aseer,2022,202212,2022-12,0.3372718067840019
2,Apartments and Others,6,Aseer,2023,202301,2023-01,0.33456549243174855
2,Apartments and Others,6,Aseer,2023,202302,2023-02,0.33063613669622105
2,Apartments and Others,6,Aseer,2023,202303,2023-03,0.3268838930960709
2,Apartments and Others,6,Aseer,2023,202304,2023-04,0.3536884843325366
2,Apartments and Others,6,Aseer,2023,202305,2023-05,0.41831341039233255
2,Apartments and Others,6,Aseer,2023,202306,2023-06,0.3717716442914863
2,Apartments and Others,6,Aseer,2023,202307,2023-07,0.5581084332234189
2,Apartments and Others,6,Aseer,2023,202308,2023-08,0.5224791591156216
2,Apartments and Others,6,Aseer,2023,202309,2023-09,0.36065384881282503
2,Apartments and Others,6,Aseer,2023,202310,2023-10,0.35107467250217333
2,Apartments and Others,6,Aseer,2023,202311,2023-11,0.38519823788546254
2,Apartments and Others,6,Aseer,2023,202312,2023-12,0.3557347937682803
2,Apartments and Others,6,Aseer,2024,202401,2024-01,0.3666975731084522
2,Apartments and Others,6,Aseer,2024,202402,2024-02,0.3821298579311964
2,Apartments and Others,6,Aseer,2024,202403,2024-03,0.3155506813094362
2,Apartments and Others,6,Aseer,2024,202404,2024-04,0.39696764948285207
2,Apartments and Others,6,Aseer,2024,202405,2024-05,0.46245163917735693
2,Apartments and Others,6,Aseer,2024,202406,2024-06,0.42337852878680565
2,Apartments and Others,6,Aseer,2024,202407,2024-07,0.6549667021097991
2,Apartments and Others,6,Aseer,2024,202408,2024-08,0.549513316209274
2,Apartments and Others,6,Aseer,2024,202409,2024-09,0.4050644561569282
2,Apartments and Others,6,Aseer,2024,202410,2024-10,0.3826616773378367
2,Apartments and Others,6,Aseer,2024,202411,2024-11,0.4206810348561634
2,Apartments and Others,6,Aseer,2024,202412,2024-12,0.3949642865139607
2,Apartments and Others,7,Tabouk,2021,202101,2021-01,0.4959867229933615
2,Apartments and Others,7,Tabouk,2021,202102,2021-02,0.44348327566320644
2,Apartments and Others,7,Tabouk,2021,202103,2021-03,0.5149022939677145
2,Apartments and Others,7,Tabouk,2021,202104,2021-04,0.41061278247608485
2,Apartments and Others,7,Tabouk,2021,202105,2021-05,0.4448111477814448
2,Apartments and Others,7,Tabouk,2021,202106,2021-06,0.5770144161621568
2,Apartments and Others,7,Tabouk,2021,202107,2021-07,0.49856579419146646
2,Apartments and Others,7,Tabouk,2021,202108,2021-08,0.5371609617434561
2,Apartments and Others,7,Tabouk,2021,202109,2021-09,0.5214918661552704
2,Apartments and Others,7,Tabouk,2021,202110,2021-10,0.5728801454356577
2,Apartments and Others,7,Tabouk,2021,202111,2021-11,0.636143075003466
2,Apartments and Others,7,Tabouk,2021,202112,2021-12,0.5344270188471592
2,Apartments and Others,7,Tabouk,2022,202201,2022-01,0.48185502583299816
2,Apartments and Others,7,Tabouk,2022,202202,2022-02,0.48788134164840724
2,Apartments and Others,7,Tabouk,2022,202203,2022-03,0.4920568427158186
2,Apartments and Others,7,Tabouk,2022,202204,2022-04,0.3560146664786349
2,Apartments and Others,7,Tabouk,2022,202205,2022-05,0.47327325473736187
2,Apartments and Others,7,Tabouk,2022,202206,2022-06,0.45674062193709347
2,Apartments and Others,7,Tabouk,2022,202207,2022-07,0.4895096953695029
2,Apartments and Others,7,Tabouk,2022,202208,2022-08,0.5170892713924363
2,Apartments and Others,7,Tabouk,2022,202209,2022-09,0.45204498977505114
2,Apartments and Others,7,Tabouk,2022,202210,2022-10,0.47935542324618174
2,Apartments and Others,7,Tabouk,2022,202211,2022-11,0.5548550674981155
2,Apartments and Others,7,Tabouk,2022,202212,2022-12,0.5464194545210265
2,Apartments and Others,7,Tabouk,2023,202301,2023-01,0.539254089996379
2,Apartments and Others,7,Tabouk,2023,202302,2023-02,0.5254954433675684
2,Apartments and Others,7,Tabouk,2023,202303,2023-03,0.5421678222725343
2,Apartments and Others,7,Tabouk,2023,202304,2023-04,0.5183383632167584
2,Apartments and Others,7,Tabouk,2023,202305,2023-05,0.6254594503456415
2,Apartments and Others,7,Tabouk,2023,202306,2023-06,0.625721468786516
2,Apartments and Others,7,Tabouk,2023,202307,2023-07,0.6671408250355618
2,Apartments and Others,7,Tabouk,2023,202308,2023-08,0.6862545824108018
2,Apartments and Others,7,Tabouk,2023,202309,2023-09,0.6296564536952483
2,Apartments and Others,7,Tabouk,2023,202310,2023-10,0.5902527075812274
2,Apartments and Others,7,Tabouk,2023,202311,2023-11,0.6241640659830584
2,Apartments and Others,7,Tabouk,2023,202312,2023-12,0.6035416487578441
2,Apartments and Others,7,Tabouk,2024,202401,2024-01,0.5998393130633458
2,Apartments and Others,7,Tabouk,2024,202402,2024-02,0.6115731908940608
2,Apartments and Others,7,Tabouk,2024,202403,2024-03,0.562759102941911
2,Apartments and Others,7,Tabouk,2024,202404,2024-04,0.5208011558965672
2,Apartments and Others,7,Tabouk,2024,202405,2024-05,0.5704275457622734
2,Apartments and Others,7,Tabouk,2024,202406,2024-06,0.5122420462139776
2,Apartments and Others,7,Tabouk,2024,202407,2024-07,0.6051452312269816
2,Apartments and Others,7,Tabouk,2024,202408,2024-08,0.5686711345665711
2,Apartments and Others,7,Tabouk,2024,202409,2024-09,0.5159134250430468
2,Apartments and Others,7,Tabouk,2024,202410,2024-10,0.5103742318580404
2,Apartments and Others,7,Tabouk,2024,202411,2024-11,0.54077646311146
2,Apartments and Others,7,Tabouk,2024,202412,2024-12,0.49088162296320276
2,Apartments and Others,8,Hail,2021,202101,2021-01,0.5991281100950876
2,Apartments and Others,8,Hail,2021,202102,2021-02,0.48920971627408993
2,Apartments and Others,8,Hail,2021,202103,2021-03,0.5319962732310106
2,Apartments and Others,8,Hail,2021,202104,2021-04,0.418582151793161
2,Apartments and Others,8,Hail,2021,202105,2021-05,0.4691046255154557
2,Apartments and Others,8,Hail,2021,202106,2021-06,0.5227860429190314
2,Apartments and Others,8,Hail,2021,202107,2021-07,0.5505802005593412
2,Apartments and Others,8,Hail,2021,202108,2021-08,0.5011429946459725
2,Apartments and Others,8,Hail,2021,202109,2021-09,0.5728608218201843
2,Apartments and Others,8,Hail,2021,202110,2021-10,0.5829648480992524
2,Apartments and Others,8,Hail,2021,202111,2021-11,0.5696377502383222
2,Apartments and Others,8,Hail,2021,202112,2021-12,0.6103362104106481
2,Apartments and Others,8,Hail,2022,202201,2022-01,0.5569305832778887
2,Apartments and Others,8,Hail,2022,202202,2022-02,0.6076986892317903
2,Apartments and Others,8,Hail,2022,202203,2022-03,0.6007573980361273
2,Apartments and Others,8,Hail,2022,202204,2022-04,0.43788886505041835
2,Apartments and Others,8,Hail,2022,202205,2022-05,0.5865356675868081
2,Apartments and Others,8,Hail,2022,202206,2022-06,0.49936001204683206
2,Apartments and Others,8,Hail,2022,202207,2022-07,0.6096908232974153
2,Apartments and Others,8,Hail,2022,202208,2022-08,0.6037083482622716
2,Apartments and Others,8,Hail,2022,202209,2022-09,0.5418902745067758
2,Apartments and Others,8,Hail,2022,202210,2022-10,0.5444646098003629
2,Apartments and Others,8,Hail,2022,202211,2022-11,0.635479169427041
2,Apartments and Others,8,Hail,2022,202212,2022-12,0.5456715122586244
2,Apartments and Others,8,Hail,2023,202301,2023-01,0.5455249364675985
2,Apartments and Others,8,Hail,2023,202302,2023-02,0.5387599476846002
2,Apartments and Others,8,Hail,2023,202303,2023-03,0.47114620918147365
2,Apartments and Others,8,Hail,2023,202304,2023-04,0.4579486838901065
2,Apartments and Others,8,Hail,2023,202305,2023-05,0.4906452213102892
2,Apartments and Others,8,Hail,2023,202306,2023-06,0.489349593495935
2,Apartments and Others,8,Hail,2023,202307,2023-07,0.5738366915860755
2,Apartments and Others,8,Hail,2023,202308,2023-08,0.5316899901570591
2,Apartments and Others,8,Hail,2023,202309,2023-09,0.5054744899003336
2,Apartments and Others,8,Hail,2023,202310,2023-10,0.49955322344531267
2,Apartments and Others,8,Hail,2023,202311,2023-11,0.6158979792909858
2,Apartments and Others,8,Hail,2023,202312,2023-12,0.5029689202901274
2,Apartments and Others,8,Hail,2024,202401,2024-01,0.5706605222734255
2,Apartments and Others,8,Hail,2024,202402,2024-02,0.5795837015587688
2,Apartments and Others,8,Hail,2024,202403,2024-03,0.4042091764572765
2,Apartments and Others,8,Hail,2024,202404,2024-04,0.4635849752181215
2,Apartments and Others,8,Hail,2024,202405,2024-05,0.4942330691423591
2,Apartments and Others,8,Hail,2024,202406,2024-06,0.4891105635482076
2,Apartments and Others,8,Hail,2024,202407,2024-07,0.5970816353358749
2,Apartments and Others,8,Hail,2024,202408,2024-08,0.5939957511833327
2,Apartments and Others,8,Hail,2024,202409,2024-09,0.5457906234246345
2,Apartments and Others,8,Hail,2024,202410,2024-10,0.5212129865957484
2,Apartments and Others,8,Hail,2024,202411,2024-11,0.6193851768669287
2,Apartments and Others,8,Hail,2024,202412,2024-12,0.5179768729958216
2,Apartments and Others,9,Northern Borders,2021,202101,2021-01,0.5135022271714922
2,Apartments and Others,9,Northern Borders,2021,202102,2021-02,0.5131730106456307
2,Apartments and Others,9,Northern Borders,2021,202103,2021-03,0.4826471528542503
2,Apartments and Others,9,Northern Borders,2021,202104,2021-04,0.37766072588209826
2,Apartments and Others,9,Northern Borders,2021,202105,2021-05,0.38911928024179376
2,Apartments and Others,9,Northern Borders,2021,202106,2021-06,0.44556644799882067
2,Apartments and Others,9,Northern Borders,2021,202107,2021-07,0.40979337285405887
2,Apartments and Others,9,Northern Borders,2021,202108,2021-08,0.4518848526387937
2,Apartments and Others,9,Northern Borders,2021,202109,2021-09,0.4835094820478225
2,Apartments and Others,9,Northern Borders,2021,202110,2021-10,0.47450952054052103
2,Apartments and Others,9,Northern Borders,2021,202111,2021-11,0.4603313989004276
2,Apartments and Others,9,Northern Borders,2021,202112,2021-12,0.48615821798514985
2,Apartments and Others,9,Northern Borders,2022,202201,2022-01,0.4601862409730141
2,Apartments and Others,9,Northern Borders,2022,202202,2022-02,0.5046398111891863
2,Apartments and Others,9,Northern Borders,2022,202203,2022-03,0.4886105358856508
2,Apartments and Others,9,Northern Borders,2022,202204,2022-04,0.3422111407038023
2,Apartments and Others,9,Northern Borders,2022,202205,2022-05,0.43507669365146995
2,Apartments and Others,9,Northern Borders,2022,202206,2022-06,0.39371265543413897
2,Apartments and Others,9,Northern Borders,2022,202207,2022-07,0.4377770390070922
2,Apartments and Others,9,Northern Borders,2022,202208,2022-08,0.48535046866709897
2,Apartments and Others,9,Northern Borders,2022,202209,2022-09,0.4864006242336417
2,Apartments and Others,9,Northern Borders,2022,202210,2022-10,0.48414376321353064
2,Apartments and Others,9,Northern Borders,2022,202211,2022-11,0.5242903623920117
2,Apartments and Others,9,Northern Borders,2022,202212,2022-12,0.5149900821762539
2,Apartments and Others,9,Northern Borders,2023,202301,2023-01,0.5198315840859166
2,Apartments and Others,9,Northern Borders,2023,202302,2023-02,0.5490255785627284
2,Apartments and Others,9,Northern Borders,2023,202303,2023-03,0.48343692370739705
2,Apartments and Others,9,Northern Borders,2023,202304,2023-04,0.40010943163942275
2,Apartments and Others,9,Northern Borders,2023,202305,2023-05,0.4195475413463134
2,Apartments and Others,9,Northern Borders,2023,202306,2023-06,0.3705938751339462
2,Apartments and Others,9,Northern Borders,2023,202307,2023-07,0.4223093156466687
2,Apartments and Others,9,Northern Borders,2023,202308,2023-08,0.4257881043141526
2,Apartments and Others,9,Northern Borders,2023,202309,2023-09,0.39519636890878146
2,Apartments and Others,9,Northern Borders,2023,202310,2023-10,0.42855294650365483
2,Apartments and Others,9,Northern Borders,2023,202311,2023-11,0.4416167664670659
2,Apartments and Others,9,Northern Borders,2023,202312,2023-12,0.43299571484222826
2,Apartments and Others,9,Northern Borders,2024,202401,2024-01,0.4303288822947577
2,Apartments and Others,9,Northern Borders,2024,202402,2024-02,0.46356138453217954
2,Apartments and Others,9,Northern Borders,2024,202403,2024-03,0.3593880033288522
2,Apartments and Others,9,Northern Borders,2024,202404,2024-04,0.38710907704042713
2,Apartments and Others,9,Northern Borders,2024,202405,2024-05,0.42473615997037584
2,Apartments and Others,9,Northern Borders,2024,202406,2024-06,0.4336289672359452
2,Apartments and Others,9,Northern Borders,2024,202407,2024-07,0.482488640335547
2,Apartments and Others,9,Northern Borders,2024,202408,2024-08,0.5178524024422617
2,Apartments and Others,9,Northern Borders,2024,202409,2024-09,0.45669596690796277
2,Apartments and Others,9,Northern Borders,2024,202410,2024-10,0.45293634978314384
2,Apartments and Others,9,Northern Borders,2024,202411,2024-11,0.4487171855467587
2,Apartments and Others,9,Northern Borders,2024,202412,2024-12,0.40137211543913365
2,Apartments and Others,10,Jazan,2021,202101,2021-01,0.6445543975193695
2,Apartments and Others,10,Jazan,2021,202102,2021-02,0.4768250452800796
2,Apartments and Others,10,Jazan,2021,202103,2021-03,0.45032910117613206
2,Apartments and Others,10,Jazan,2021,202104,2021-04,0.3591843243192541
2,Apartments and Others,10,Jazan,2021,202105,2021-05,0.40418183103070565
2,Apartments and Others,10,Jazan,2021,202106,2021-06,0.4047828521154923
2,Apartments and Others,10,Jazan,2021,202107,2021-07,0.45500600260538615
2,Apartments and Others,10,Jazan,2021,202108,2021-08,0.4462225873516196
2,Apartments and Others,10,Jazan,2021,202109,2021-09,0.4109721220129176
2,Apartments and Others,10,Jazan,2021,202110,2021-10,0.4305978388143588
2,Apartments and Others,10,Jazan,2021,202111,2021-11,0.4851281170865702
2,Apartments and Others,10,Jazan,2021,202112,2021-12,0.45319225086494075
2,Apartments and Others,10,Jazan,2022,202201,2022-01,0.4585993716428499
2,Apartments and Others,10,Jazan,2022,202202,2022-02,0.4564010118338034
2,Apartments and Others,10,Jazan,2022,202203,2022-03,0.42218554168306094
2,Apartments and Others,10,Jazan,2022,202204,2022-04,0.3162423575841879
2,Apartments and Others,10,Jazan,2022,202205,2022-05,0.41439706650551567
2,Apartments and Others,10,Jazan,2022,202206,2022-06,0.3930803475878601
2,Apartments and Others,10,Jazan,2022,202207,2022-07,0.4709426901526049
2,Apartments and Others,10,Jazan,2022,202208,2022-08,0.523051286798741
2,Apartments and Others,10,Jazan,2022,202209,2022-09,0.44426763740994646
2,Apartments and Others,10,Jazan,2022,202210,2022-10,0.45985650131626493
2,Apartments and Others,10,Jazan,2022,202211,2022-11,0.5041622505993847
2,Apartments and Others,10,Jazan,2022,202212,2022-12,0.479363666703749
2,Apartments and Others,10,Jazan,2023,202301,2023-01,0.49742690892786173
2,Apartments and Others,10,Jazan,2023,202302,2023-02,0.4665358077563645
2,Apartments and Others,10,Jazan,2023,202303,2023-03,0.4162059126481418
2,Apartments and Others,10,Jazan,2023,202304,2023-04,0.3937590887057683
2,Apartments and Others,10,Jazan,2023,202305,2023-05,0.39414733737877844
2,Apartments and Others,10,Jazan,2023,202306,2023-06,0.4003700426353471
2,Apartments and Others,10,Jazan,2023,202307,2023-07,0.472400795486079
2,Apartments and Others,10,Jazan,2023,202308,2023-08,0.45729522735548744
2,Apartments and Others,10,Jazan,2023,202309,2023-09,0.45124587552622597
2,Apartments and Others,10,Jazan,2023,202310,2023-10,0.45383069799947584
2,Apartments and Others,10,Jazan,2023,202311,2023-11,0.534677769195772
2,Apartments and Others,10,Jazan,2023,202312,2023-12,0.4757163518980443
2,Apartments and Others,10,Jazan,2024,202401,2024-01,0.5427373903843415
2,Apartments and Others,10,Jazan,2024,202402,2024-02,0.504968699382743
2,Apartments and Others,10,Jazan,2024,202403,2024-03,0.37659536018432765
2,Apartments and Others,10,Jazan,2024,202404,2024-04,0.40480833282868045
2,Apartments and Others,10,Jazan,2024,202405,2024-05,0.4131457602459257
2,Apartments and Others,10,Jazan,2024,202406,2024-06,0.40981923932257514
2,Apartments and Others,10,Jazan,2024,202407,2024-07,0.48139362649865297
2,Apartments and Others,10,Jazan,2024,202408,2024-08,0.4964171265800249
2,Apartments and Others,10,Jazan,2024,202409,2024-09,0.48309375743364935
2,Apartments and Others,10,Jazan,2024,202410,2024-10,0.4640980362955556
2,Apartments and Others,10,Jazan,2024,202411,2024-11,0.5350184704526607
2,Apartments and Others,10,Jazan,2024,202412,2024-12,0.509945040565297
2,Apartments and Others,11,Najran,2021,202101,2021-01,0.48911984882622284
2,Apartments and Others,11,Najran,2021,202102,2021-02,0.47847359749704604
2,Apartments and Others,11,Najran,2021,202103,2021-03,0.4961419876351902
2,Apartments and Others,11,Najran,2021,202104,2021-04,0.4503513697606034
2,Apartments and Others,11,Najran,2021,202105,2021-05,0.472346112354485
2,Apartments and Others,11,Najran,2021,202106,2021-06,0.5085516769112876
2,Apartments and Others,11,Najran,2021,202107,2021-07,0.5526124129195693
2,Apartments and Others,11,Najran,2021,202108,2021-08,0.6232957866632964
2,Apartments and Others,11,Najran,2021,202109,2021-09,0.6257180517810939
2,Apartments and Others,11,Najran,2021,202110,2021-10,0.5882889542473381
2,Apartments and Others,11,Najran,2021,202111,2021-11,0.554300144066562
2,Apartments and Others,11,Najran,2021,202112,2021-12,0.5366359151183904
2,Apartments and Others,11,Najran,2022,202201,2022-01,0.5304065910192349
2,Apartments and Others,11,Najran,2022,202202,2022-02,0.5973191536501606
2,Apartments and Others,11,Najran,2022,202203,2022-03,0.5981180729887119
2,Apartments and Others,11,Najran,2022,202204,2022-04,0.5291316921774706
2,Apartments and Others,11,Najran,2022,202205,2022-05,0.5973652534438946
2,Apartments and Others,11,Najran,2022,202206,2022-06,0.5552379884928641
2,Apartments and Others,11,Najran,2022,202207,2022-07,0.5746673423042997
2,Apartments and Others,11,Najran,2022,202208,2022-08,0.6365036124600261
2,Apartments and Others,11,Najran,2022,202209,2022-09,0.6216490363715403
2,Apartments and Others,11,Najran,2022,202210,2022-10,0.5940827928577148
2,Apartments and Others,11,Najran,2022,202211,2022-11,0.5813584117032393
2,Apartments and Others,11,Najran,2022,202212,2022-12,0.5715554977679539
2,Apartments and Others,11,Najran,2023,202301,2023-01,0.5780064199315491
2,Apartments and Others,11,Najran,2023,202302,2023-02,0.5895400700206225
2,Apartments and Others,11,Najran,2023,202303,2023-03,0.528369757024569
2,Apartments and Others,11,Najran,2023,202304,2023-04,0.5601706642066421
2,Apartments and Others,11,Najran,2023,202305,2023-05,0.623830825538837
2,Apartments and Others,11,Najran,2023,202306,2023-06,0.5876888950506031
2,Apartments and Others,11,Najran,2023,202307,2023-07,0.615663796555867
2,Apartments and Others,11,Najran,2023,202308,2023-08,0.6185256983795606
2,Apartments and Others,11,Najran,2023,202309,2023-09,0.6045555425768018
2,Apartments and Others,11,Najran,2023,202310,2023-10,0.5713164210573537
2,Apartments and Others,11,Najran,2023,202311,2023-11,0.5698158324328053
2,Apartments and Others,11,Najran,2023,202312,2023-12,0.5265813740594368
2,Apartments and Others,11,Najran,2024,202401,2024-01,0.5527697858154085
2,Apartments and Others,11,Najran,2024,202402,2024-02,0.580715593745598
2,Apartments and Others,11,Najran,2024,202403,2024-03,0.5196073976462035
2,Apartments and Others,11,Najran,2024,202404,2024-04,0.5272879107923565
2,Apartments and Others,11,Najran,2024,202405,2024-05,0.5486092778804387
2,Apartments and Others,11,Najran,2024,202406,2024-06,0.5536288358499757
2,Apartments and Others,11,Najran,2024,202407,2024-07,0.6206520224771281
2,Apartments and Others,11,Najran,2024,202408,2024-08,0.6192656350151086
2,Apartments and Others,11,Najran,2024,202409,2024-09,0.5628485723808466
2,Apartments and Others,11,Najran,2024,202410,2024-10,0.5710387635651649
2,Apartments and Others,11,Najran,2024,202411,2024-11,0.5919431176252481
2,Apartments and Others,11,Najran,2024,202412,2024-12,0.5667484662576687
2,Apartments and Others,12,Al-Baha,2021,202101,2021-01,0.2967826474852236
2,Apartments and Others,12,Al-Baha,2021,202102,2021-02,0.26272066458982346
2,Apartments and Others,12,Al-Baha,2021,202103,2021-03,0.2630796771033877
2,Apartments and Others,12,Al-Baha,2021,202104,2021-04,0.22538059866146945
2,Apartments and Others,12,Al-Baha,2021,202105,2021-05,0.3206596141879278
2,Apartments and Others,12,Al-Baha,2021,202106,2021-06,0.5316473905287992
2,Apartments and Others,12,Al-Baha,2021,202107,2021-07,0.5986068069001453
2,Apartments and Others,12,Al-Baha,2021,202108,2021-08,0.5701080695594931
2,Apartments and Others,12,Al-Baha,2021,202109,2021-09,0.34047603349376937
2,Apartments and Others,12,Al-Baha,2021,202110,2021-10,0.2902908159915972
2,Apartments and Others,12,Al-Baha,2021,202111,2021-11,0.2822906835647836
2,Apartments and Others,12,Al-Baha,2021,202112,2021-12,0.2704565030146425
2,Apartments and Others,12,Al-Baha,2022,202201,2022-01,0.27867664815262017
2,Apartments and Others,12,Al-Baha,2022,202202,2022-02,0.2922769189042582
2,Apartments and Others,12,Al-Baha,2022,202203,2022-03,0.30074147001815216
2,Apartments and Others,12,Al-Baha,2022,202204,2022-04,0.24449747244811454
2,Apartments and Others,12,Al-Baha,2022,202205,2022-05,0.40368917022312606
2,Apartments and Others,12,Al-Baha,2022,202206,2022-06,0.30977312390924955
2,Apartments and Others,12,Al-Baha,2022,202207,2022-07,0.5178553312366846
2,Apartments and Others,12,Al-Baha,2022,202208,2022-08,0.616972119827631
2,Apartments and Others,12,Al-Baha,2022,202209,2022-09,0.3405532982791587
2,Apartments and Others,12,Al-Baha,2022,202210,2022-10,0.31507482521523084
2,Apartments and Others,12,Al-Baha,2022,202211,2022-11,0.31386861313868614
2,Apartments and Others,12,Al-Baha,2022,202212,2022-12,0.278997438712038
2,Apartments and Others,12,Al-Baha,2023,202301,2023-01,0.29991244754400265
2,Apartments and Others,12,Al-Baha,2023,202302,2023-02,0.2947335575356239
2,Apartments and Others,12,Al-Baha,2023,202303,2023-03,0.28703703703703703
2,Apartments and Others,12,Al-Baha,2023,202304,2023-04,0.3187094682230869
2,Apartments and Others,12,Al-Baha,2023,202305,2023-05,0.4104218362282878
2,Apartments and Others,12,Al-Baha,2023,202306,2023-06,0.41333692577125153
2,Apartments and Others,12,Al-Baha,2023,202307,2023-07,0.6459855640705756
2,Apartments and Others,12,Al-Baha,2023,202308,2023-08,0.5479067469230078
2,Apartments and Others,12,Al-Baha,2023,202309,2023-09,0.2951025916691447
2,Apartments and Others,12,Al-Baha,2023,202310,2023-10,0.23909861154238565
2,Apartments and Others,12,Al-Baha,2023,202311,2023-11,0.2995276861367574
2,Apartments and Others,12,Al-Baha,2023,202312,2023-12,0.22441258462763838
2,Apartments and Others,12,Al-Baha,2024,202401,2024-01,0.24986471195946278
2,Apartments and Others,12,Al-Baha,2024,202402,2024-02,0.2767849508336896
2,Apartments and Others,12,Al-Baha,2024,202403,2024-03,0.2403790208627712
2,Apartments and Others,12,Al-Baha,2024,202404,2024-04,0.34202628061237356
2,Apartments and Others,12,Al-Baha,2024,202405,2024-05,0.39618745798521077
2,Apartments and Others,12,Al-Baha,2024,202406,2024-06,0.4228245891861876
2,Apartments and Others,12,Al-Baha,2024,202407,2024-07,0.6939465093637248
2,Apartments and Others,12,Al-Baha,2024,202408,2024-08,0.5519161082656842
2,Apartments and Others,12,Al-Baha,2024,202409,2024-09,0.33283793347487617
2,Apartments and Others,12,Al-Baha,2024,202410,2024-10,0.28354141894569956
2,Apartments and Others,12,Al-Baha,2024,202411,2024-11,0.31157035020418267
2,Apartments and Others,12,Al-Baha,2024,202412,2024-12,0.28221836084564145
2,Apartments and Others,13,Al-Jouf,2021,202101,2021-01,0.35811585689910774
2,Apartments and Others,13,Al-Jouf,2021,202102,2021-02,0.3442479595802565
2,Apartments and Others,13,Al-Jouf,2021,202103,2021-03,0.3647998187892859
2,Apartments and Others,13,Al-Jouf,2021,202104,2021-04,0.31726460519357624
2,Apartments and Others,13,Al-Jouf,2021,202105,2021-05,0.3483258983283494
2,Apartments and Others,13,Al-Jouf,2021,202106,2021-06,0.43738562738018694
2,Apartments and Others,13,Al-Jouf,2021,202107,2021-07,0.4158686730506156
2,Apartments and Others,13,Al-Jouf,2021,202108,2021-08,0.4456215858301606
2,Apartments and Others,13,Al-Jouf,2021,202109,2021-09,0.5180014695077149
2,Apartments and Others,13,Al-Jouf,2021,202110,2021-10,0.5171630426642035
2,Apartments and Others,13,Al-Jouf,2021,202111,2021-11,0.4928484061805746
2,Apartments and Others,13,Al-Jouf,2021,202112,2021-12,0.513540181997588
2,Apartments and Others,13,Al-Jouf,2022,202201,2022-01,0.5073660654820576
2,Apartments and Others,13,Al-Jouf,2022,202202,2022-02,0.5289195402298851
2,Apartments and Others,13,Al-Jouf,2022,202203,2022-03,0.5259825079509314
2,Apartments and Others,13,Al-Jouf,2022,202204,2022-04,0.35079261800544187
2,Apartments and Others,13,Al-Jouf,2022,202205,2022-05,0.4620629703077884
2,Apartments and Others,13,Al-Jouf,2022,202206,2022-06,0.4397047221909163
2,Apartments and Others,13,Al-Jouf,2022,202207,2022-07,0.4295927031690816
2,Apartments and Others,13,Al-Jouf,2022,202208,2022-08,0.4831451322032017
2,Apartments and Others,13,Al-Jouf,2022,202209,2022-09,0.46252101751911917
2,Apartments and Others,13,Al-Jouf,2022,202210,2022-10,0.46420372644279534
2,Apartments and Others,13,Al-Jouf,2022,202211,2022-11,0.43614364211577955
2,Apartments and Others,13,Al-Jouf,2022,202212,2022-12,0.42295940637276297
2,Apartments and Others,13,Al-Jouf,2023,202301,2023-01,0.4058566730921873
2,Apartments and Others,13,Al-Jouf,2023,202302,2023-02,0.43414231467723297
2,Apartments and Others,13,Al-Jouf,2023,202303,2023-03,0.41812819130379625
2,Apartments and Others,13,Al-Jouf,2023,202304,2023-04,0.37185960216558184
2,Apartments and Others,13,Al-Jouf,2023,202305,2023-05,0.4199824137173005
2,Apartments and Others,13,Al-Jouf,2023,202306,2023-06,0.40666097352690006
2,Apartments and Others,13,Al-Jouf,2023,202307,2023-07,0.43667301933024777
2,Apartments and Others,13,Al-Jouf,2023,202308,2023-08,0.4632390745501285
2,Apartments and Others,13,Al-Jouf,2023,202309,2023-09,0.4174070288544697
2,Apartments and Others,13,Al-Jouf,2023,202310,2023-10,0.4228683453420577
2,Apartments and Others,13,Al-Jouf,2023,202311,2023-11,0.4355038439708993
2,Apartments and Others,13,Al-Jouf,2023,202312,2023-12,0.3696289685069489
2,Apartments and Others,13,Al-Jouf,2024,202401,2024-01,0.3920826074881971
2,Apartments and Others,13,Al-Jouf,2024,202402,2024-02,0.43743559751580474
2,Apartments and Others,13,Al-Jouf,2024,202403,2024-03,0.3369316408282177
2,Apartments and Others,13,Al-Jouf,2024,202404,2024-04,0.3796693860025762
2,Apartments and Others,13,Al-Jouf,2024,202405,2024-05,0.4149936533430044
2,Apartments and Others,13,Al-Jouf,2024,202406,2024-06,0.3787375415282392
2,Apartments and Others,13,Al-Jouf,2024,202407,2024-07,0.44581344011499563
2,Apartments and Others,13,Al-Jouf,2024,202408,2024-08,0.45057350032959786
2,Apartments and Others,13,Al-Jouf,2024,202409,2024-09,0.441328253762395
2,Apartments and Others,13,Al-Jouf,2024,202410,2024-10,0.4165024236936025
2,Apartments and Others,13,Al-Jouf,2024,202411,2024-11,0.4472790032900059
2,Apartments and Others,13,Al-Jouf,2024,202412,2024-12,0.4011595195577191
2,Apartments and Others,15,Grand Total,2021,202101,2021-01,0.5454954371286304
2,Apartments and Others,15,Grand Total,2021,202102,2021-02,0.44046730155289554
2,Apartments and Others,15,Grand Total,2021,202103,2021-03,0.4804110365232713
2,Apartments and Others,15,Grand Total,2021,202104,2021-04,0.39106365646914376
2,Apartments and Others,15,Grand Total,2021,202105,2021-05,0.4400224025365453
2,Apartments and Others,15,Grand Total,2021,202106,2021-06,0.5594387162797482
2,Apartments and Others,15,Grand Total,2021,202107,2021-07,0.5369470040613196
2,Apartments and Others,15,Grand Total,2021,202108,2021-08,0.52713756455769
2,Apartments and Others,15,Grand Total,2021,202109,2021-09,0.4953413302661853
2,Apartments and Others,15,Grand Total,2021,202110,2021-10,0.5094691131942052
2,Apartments and Others,15,Grand Total,2021,202111,2021-11,0.5317331408847749
2,Apartments and Others,15,Grand Total,2021,202112,2021-12,0.5394273638791492
2,Apartments and Others,15,Grand Total,2022,202201,2022-01,0.5159743828210097
2,Apartments and Others,15,Grand Total,2022,202202,2022-02,0.5296181485716173
2,Apartments and Others,15,Grand Total,2022,202203,2022-03,0.5413863275284378
2,Apartments and Others,15,Grand Total,2022,202204,2022-04,0.3941533083432119
2,Apartments and Others,15,Grand Total,2022,202205,2022-05,0.516077695628059
2,Apartments and Others,15,Grand Total,2022,202206,2022-06,0.48775087813566576
2,Apartments and Others,15,Grand Total,2022,202207,2022-07,0.5366080417790348
2,Apartments and Others,15,Grand Total,2022,202208,2022-08,0.6073253050214266
2,Apartments and Others,15,Grand Total,2022,202209,2022-09,0.5093880861881637
2,Apartments and Others,15,Grand Total,2022,202210,2022-10,0.5152918632466377
2,Apartments and Others,15,Grand Total,2022,202211,2022-11,0.548982810103609
2,Apartments and Others,15,Grand Total,2022,202212,2022-12,0.5264614808861956
2,Apartments and Others,15,Grand Total,2023,202301,2023-01,0.5359985193411068
2,Apartments and Others,15,Grand Total,2023,202302,2023-02,0.5440585956696277
2,Apartments and Others,15,Grand Total,2023,202303,2023-03,0.51011751697609
2,Apartments and Others,15,Grand Total,2023,202304,2023-04,0.48410083484685645
2,Apartments and Others,15,Grand Total,2023,202305,2023-05,0.540308430231787
2,Apartments and Others,15,Grand Total,2023,202306,2023-06,0.5007202463604975
2,Apartments and Others,15,Grand Total,2023,202307,2023-07,0.5846978478389099
2,Apartments and Others,15,Grand Total,2023,202308,2023-08,0.5814609458021944
2,Apartments and Others,15,Grand Total,2023,202309,2023-09,0.522174981183455
2,Apartments and Others,15,Grand Total,2023,202310,2023-10,0.5264664082161211
2,Apartments and Others,15,Grand Total,2023,202311,2023-11,0.5895463488580464
2,Apartments and Others,15,Grand Total,2023,202312,2023-12,0.5459028290170859
2,Apartments and Others,15,Grand Total,2024,202401,2024-01,0.5803058465906537
2,Apartments and Others,15,Grand Total,2024,202402,2024-02,0.5867482645459953
2,Apartments and Others,15,Grand Total,2024,202403,2024-03,0.4685740327582043
2,Apartments and Others,15,Grand Total,2024,202404,2024-04,0.49871173816948744
2,Apartments and Others,15,Grand Total,2024,202405,2024-05,0.5618471695813515
2,Apartments and Others,15,Grand Total,2024,202406,2024-06,0.5094768830209191
2,Apartments and Others,15,Grand Total,2024,202407,2024-07,0.6262174729435368
2,Apartments and Others,15,Grand Total,2024,202408,2024-08,0.5821487105577984
2,Apartments and Others,15,Grand Total,2024,202409,2024-09,0.5284566686873884
2,Apartments and Others,15,Grand Total,2024,202410,2024-10,0.531926497772591
2,Apartments and Others,15,Grand Total,2024,202411,2024-11,0.5889592230404388
2,Apartments and Others,15,Grand Total,2024,202412,2024-12,0.5556122413775259
3,Grand Total,15,Grand Total,2021,202101,2021-01,0.48250465515615554
3,Grand Total,15,Grand Total,2021,202102,2021-02,0.37773246549431777
3,Grand Total,15,Grand Total,2021,202103,2021-03,0.4180184947099058
3,Grand Total,15,Grand Total,2021,202104,2021-04,0.34575942494518014
3,Grand Total,15,Grand Total,2021,202105,2021-05,0.4024451070827341
3,Grand Total,15,Grand Total,2021,202106,2021-06,0.49681885334610915
3,Grand Total,15,Grand Total,2021,202107,2021-07,0.48611124929458943
3,Grand Total,15,Grand Total,2021,202108,2021-08,0.48592241893791893
3,Grand Total,15,Grand Total,2021,202109,2021-09,0.46407470567380804
3,Grand Total,15,Grand Total,2021,202110,2021-10,0.49629945033160683
3,Grand Total,15,Grand Total,2021,202111,2021-11,0.5273764308957843
3,Grand Total,15,Grand Total,2021,202112,2021-12,0.5440314253866836
3,Grand Total,15,Grand Total,2022,202201,2022-01,0.49896827147809075
3,Grand Total,15,Grand Total,2022,202202,2022-02,0.5359061557113233
3,Grand Total,15,Grand Total,2022,202203,2022-03,0.5794383206526051
3,Grand Total,15,Grand Total,2022,202204,2022-04,0.48115548935964203
3,Grand Total,15,Grand Total,2022,202205,2022-05,0.49519462222126154
3,Grand Total,15,Grand Total,2022,202206,2022-06,0.445924815422107
3,Grand Total,15,Grand Total,2022,202207,2022-07,0.5124286853736074
3,Grand Total,15,Grand Total,2022,202208,2022-08,0.5541810223715016
3,Grand Total,15,Grand Total,2022,202209,2022-09,0.502882210951958
3,Grand Total,15,Grand Total,2022,202210,2022-10,0.5541444084292306
3,Grand Total,15,Grand Total,2022,202211,2022-11,0.5895968469849436
3,Grand Total,15,Grand Total,2022,202212,2022-12,0.5907918825662977
3,Grand Total,15,Grand Total,2023,202301,2023-01,0.5936524751072643
3,Grand Total,15,Grand Total,2023,202302,2023-02,0.6209750185198983
3,Grand Total,15,Grand Total,2023,202303,2023-03,0.5803046422286853
3,Grand Total,15,Grand Total,2023,202304,2023-04,0.5466203165444499
3,Grand Total,15,Grand Total,2023,202305,2023-05,0.5102281825496634
3,Grand Total,15,Grand Total,2023,202306,2023-06,0.5492501237179227
3,Grand Total,15,Grand Total,2023,202307,2023-07,0.5764970750363433
3,Grand Total,15,Grand Total,2023,202308,2023-08,0.5469279211603802
3,Grand Total,15,Grand Total,2023,202309,2023-09,0.5106936677642413
3,Grand Total,15,Grand Total,2023,202310,2023-10,0.5502322945355163
3,Grand Total,15,Grand Total,2023,202311,2023-11,0.6177818394153817
3,Grand Total,15,Grand Total,2023,202312,2023-12,0.5923087250280911
3,Grand Total,15,Grand Total,2024,202401,2024-01,0.6171680498766545
3,Grand Total,15,Grand Total,2024,202402,2024-02,0.6280414278896156
3,Grand Total,15,Grand Total,2024,202403,2024-03,0.5402870928413229
3,Grand Total,15,Grand Total,2024,202404,2024-04,0.5253076790553078
3,Grand Total,15,Grand Total,2024,202405,2024-05,0.5150757500127243
3,Grand Total,15,Grand Total,2024,202406,2024-06,0.6023182662838534
3,Grand Total,15,Grand Total,2024,202407,2024-07,0.5115660671214516
3,Grand Total,15,Grand Total,2024,202408,2024-08,0.4946063019019365
3,Grand Total,15,Grand Total,2024,202409,2024-09,0.47301495880440725
3,Grand Total,15,Grand Total,2024,202410,2024-10,0.5177162663542277
3,Grand Total,15,Grand Total,2024,202411,2024-11,0.5782381455937752
3,Grand Total,15,Grand Total,2024,202412,2024-12,0.5791451469156904
