year,region,tourism_type,tourists_thousands,overnight_stays_thousands,spending_million_sar,avg_stay_nights,avg_spend_per_trip_sar,avg_spend_per_night_sar,source,source_id,source_url,data_period,snapshot_date,retrieved_at,is_live
2015,Al Bahah,Domestic,2083.4,17614.1,2240.0,8.45,1075.2,127.2,tourism_kaggle,,,2015-2024,,2026-09-13T07:14:44.975226+00:00,False
2015,Al Bahah,Inbound,6.0,59.0,43.0,9.83,7166.7,728.8,tourism_kaggle,,,2015-2024,,2026-09-13T07:14:44.975226+00:00,False
2015,Al Jawf,Domestic,927.9,3029.9,485.0,3.27,522.7,160.1,tourism_kaggle,,,2015-2024,,2026-09-13T07:14:44.975226+00:00,False
2015,Al Jawf,Inbound,63.7,336.5,187.0,5.28,2935.6,555.7,tourism_kaggle,,,2015-2024,,2026-09-13T07:14:44.975226+00:00,False
2015,Asir,Domestic,10183.2,73185.6,12964.0,7.19,1273.1,177.1,tourism_kaggle,,,2015-2024,,2026-09-13T07:14:44.975226+00:00,False
2015,Asir,Inbound,118.2,1683.9,1006.0,14.25,8511.0,597.4,tourism_kaggle,,,2015-2024,,2026-09-13T07:14:44.975226+00:00,False
2015,Eastern Province,Domestic,10570.2,48621.3,10500.0,4.6,993.4,216.0,tourism_kaggle,,,2015-2024,,2026-09-13T07:14:44.975226+00:00,False
2015,Eastern Province,Inbound,8793.8,82738.3,31161.0,9.41,3543.5,376.6,tourism_kaggle,,,2015-2024,,2026-09-13T07:14:44.975226+00:00,False
2015,Hail,Domestic,1344.0,8614.0,1189.0,6.41,884.7,138.0,tourism_kaggle,,,2015-2024,,2026-09-13T07:14:44.975226+00:00,False
2015,Hail,Inbound,88.4,244.0,213.0,2.76,2409.5,873.0,tourism_kaggle,,,2015-2024,,2026-09-13T07:14:44.975226+00:00,False
2015,Jazan,Domestic,4151.9,26942.0,4104.0,6.49,988.5,152.3,tourism_kaggle,,,2015-2024,,2026-09-13T07:14:44.975226+00:00,False
2015,Jazan,Inbound,40.0,1563.0,416.0,39.08,10400.0,266.2,tourism_kaggle,,,2015-2024,,2026-09-13T07:14:44.975226+00:00,False
2015,Madinah,Domestic,14721.8,59258.5,10210.0,4.03,693.5,172.3,tourism_kaggle,,,2015-2024,,2026-09-13T07:14:44.975226+00:00,False
2015,Madinah,Inbound,615.8000000000001,9552.3,1686.0,15.51,2737.9,176.5,tourism_kaggle,,,2015-2024,,2026-09-13T07:14:44.975226+00:00,False
2015,Makkah,Domestic,33129.9,169848.2,37696.0,5.13,1137.8,221.9,tourism_kaggle,,,2015-2024,,2026-09-13T07:14:44.975226+00:00,False
2015,Makkah,Inbound,19724.7,266941.7,106795.0,13.53,5414.3,400.1,tourism_kaggle,,,2015-2024,,2026-09-13T07:14:44.975226+00:00,False
2015,Najran,Domestic,864.2,5498.0,964.0,6.36,1115.5,175.3,tourism_kaggle,,,2015-2024,,2026-09-13T07:14:44.975226+00:00,False
2015,Najran,Inbound,28.0,152.0,124.0,5.43,4428.6,815.8,tourism_kaggle,,,2015-2024,,2026-09-13T07:14:44.975226+00:00,False
2015,Northern Borders,Domestic,798.0,2928.1,544.0,3.67,681.7,185.8,tourism_kaggle,,,2015-2024,,2026-09-13T07:14:44.975226+00:00,False
2015,Northern Borders,Inbound,1780.7,2246.6,1734.0,1.26,973.8,771.8,tourism_kaggle,,,2015-2024,,2026-09-13T07:14:44.975226+00:00,False
2015,Qassim,Domestic,1894.1,7394.2,1664.0,3.9,878.5,225.0,tourism_kaggle,,,2015-2024,,2026-09-13T07:14:44.975226+00:00,False
2015,Qassim,Inbound,84.3,355.6,288.0,4.22,3416.4,809.9,tourism_kaggle,,,2015-2024,,2026-09-13T07:14:44.975226+00:00,False
2015,Riyadh,Domestic,9906.4,49234.3,12316.0,4.97,1243.2,250.2,tourism_kaggle,,,2015-2024,,2026-09-13T07:14:44.975226+00:00,False
2015,Riyadh,Inbound,4042.0,17278.1,19794.0,4.27,4897.1,1145.6,tourism_kaggle,,,2015-2024,,2026-09-13T07:14:44.975226+00:00,False
2015,Tabuk,Domestic,2328.3,9538.0,1960.0,4.1,841.8,205.5,tourism_kaggle,,,2015-2024,,2026-09-13T07:14:44.975226+00:00,False
2015,Tabuk,Inbound,596.4,2954.0,1508.0,4.95,2528.5,510.5,tourism_kaggle,,,2015-2024,,2026-09-13T07:14:44.975226+00:00,False
2016,Al Bahah,Domestic,2447.3,19415.0,2701.0,7.93,1103.7,139.1,tourism_kaggle,,,2015-2024,,2026-09-13T07:14:44.975226+00:00,False
2016,Al Bahah,Inbound,1.0,2.0,0.4,2.0,400.0,200.0,tourism_kaggle,,,2015-2024,,2026-09-13T07:14:44.975226+00:00,False
2016,Al Jawf,Domestic,651.7,2610.0,427.0,4.0,655.2,163.6,tourism_kaggle,,,2015-2024,,2026-09-13T07:14:44.975226+00:00,False
2016,Al Jawf,Inbound,94.4,818.0,393.0,8.67,4163.1,480.4,tourism_kaggle,,,2015-2024,,2026-09-13T07:14:44.975226+00:00,False
2016,Asir,Domestic,9976.6,77989.0,15380.0,7.82,1541.6,197.2,tourism_kaggle,,,2015-2024,,2026-09-13T07:14:44.975226+00:00,False
2016,Asir,Inbound,194.8,3111.0,851.0,15.97,4368.6,273.5,tourism_kaggle,,,2015-2024,,2026-09-13T07:14:44.975226+00:00,False
2016,Eastern Province,Domestic,7702.0,36559.0,9273.0,4.75,1204.0,253.6,tourism_kaggle,,,2015-2024,,2026-09-13T07:14:44.975226+00:00,False
2016,Eastern Province,Inbound,7861.2,30686.0,17960.0,3.9,2284.6,585.3,tourism_kaggle,,,2015-2024,,2026-09-13T07:14:44.975226+00:00,False
2016,Hail,Domestic,910.0,5168.0,866.0,5.68,951.6,167.6,tourism_kaggle,,,2015-2024,,2026-09-13T07:14:44.975226+00:00,False
2016,Hail,Inbound,34.0,164.0,2338.0,4.82,68764.7,14256.1,tourism_kaggle,,,2015-2024,,2026-09-13T07:14:44.975226+00:00,False
2016,Jazan,Domestic,4704.0,30506.0,6777.0,6.49,1440.7,222.2,tourism_kaggle,,,2015-2024,,2026-09-13T07:14:44.975226+00:00,False
2016,Jazan,Inbound,70.1,4181.0,210.0,59.64,2995.7,50.2,tourism_kaggle,,,2015-2024,,2026-09-13T07:14:44.975226+00:00,False
2016,Madinah,Domestic,15758.3,62380.0,10944.0,3.96,694.5,175.4,tourism_kaggle,,,2015-2024,,2026-09-13T07:14:44.975226+00:00,False
2016,Madinah,Inbound,1086.3,20941.0,4301.0,19.28,3959.3,205.4,tourism_kaggle,,,2015-2024,,2026-09-13T07:14:44.975226+00:00,False
2016,Makkah,Domestic,33613.3,158058.0,43908.0,4.7,1306.3,277.8,tourism_kaggle,,,2015-2024,,2026-09-13T07:14:44.975226+00:00,False
2016,Makkah,Inbound,19899.8,296314.0,122350.0,14.89,6148.3,412.9,tourism_kaggle,,,2015-2024,,2026-09-13T07:14:44.975226+00:00,False
2016,Najran,Domestic,1054.0,6670.0,1366.0,6.33,1296.0,204.8,tourism_kaggle,,,2015-2024,,2026-09-13T07:14:44.975226+00:00,False
2016,Najran,Inbound,2.7,33.4,9.0,12.37,3333.3,269.5,tourism_kaggle,,,2015-2024,,2026-09-13T07:14:44.975226+00:00,False
2016,Northern Borders,Domestic,552.2,3236.0,665.0,5.86,1204.3,205.5,tourism_kaggle,,,2015-2024,,2026-09-13T07:14:44.975226+00:00,False
2016,Northern Borders,Inbound,721.4,1411.0,1166.0,1.96,1616.3,826.4,tourism_kaggle,,,2015-2024,,2026-09-13T07:14:44.975226+00:00,False
2016,Qassim,Domestic,1467.6,6754.0,1514.0,4.6,1031.6,224.2,tourism_kaggle,,,2015-2024,,2026-09-13T07:14:44.975226+00:00,False
2016,Qassim,Inbound,67.8,19076.0,1943.0,281.36,28657.8,101.9,tourism_kaggle,,,2015-2024,,2026-09-13T07:14:44.975226+00:00,False
2016,Riyadh,Domestic,8935.9,52392.0,15036.0,5.86,1682.7,287.0,tourism_kaggle,,,2015-2024,,2026-09-13T07:14:44.975226+00:00,False
2016,Riyadh,Inbound,6484.3,29836.0,41477.0,4.6,6396.5,1390.2,tourism_kaggle,,,2015-2024,,2026-09-13T07:14:44.975226+00:00,False
2016,Tabuk,Domestic,2300.0,9872.0,2000.0,4.29,869.6,202.6,tourism_kaggle,,,2015-2024,,2026-09-13T07:14:44.975226+00:00,False
2016,Tabuk,Inbound,268.2,1827.4,759.0,6.81,2830.0,415.3,tourism_kaggle,,,2015-2024,,2026-09-13T07:14:44.975226+00:00,False
2017,Al Bahah,Domestic,2212.0,14252.0,2056.0,6.44,929.5,144.3,tourism_kaggle,,,2015-2024,,2026-09-13T07:14:44.975226+00:00,False
2017,Al Bahah,Inbound,0.0,0.0,0.0,,,,tourism_kaggle,,,2015-2024,,2026-09-13T07:14:44.975226+00:00,False
2017,Al Jawf,Domestic,568.0,3253.0,496.0,5.73,873.2,152.5,tourism_kaggle,,,2015-2024,,2026-09-13T07:14:44.975226+00:00,False
2017,Al Jawf,Inbound,108.0,696.0,475.0,6.44,4398.1,682.5,tourism_kaggle,,,2015-2024,,2026-09-13T07:14:44.975226+00:00,False
2017,Asir,Domestic,10644.0,77588.0,11778.0,7.29,1106.5,151.8,tourism_kaggle,,,2015-2024,,2026-09-13T07:14:44.975226+00:00,False
2017,Asir,Inbound,188.0,3070.0,827.0,16.33,4398.9,269.4,tourism_kaggle,,,2015-2024,,2026-09-13T07:14:44.975226+00:00,False
2017,Eastern Province,Domestic,7133.0,40263.0,7587.0,5.64,1063.6,188.4,tourism_kaggle,,,2015-2024,,2026-09-13T07:14:44.975226+00:00,False
2017,Eastern Province,Inbound,6004.0,18025.0,15077.0,3.0,2511.2,836.4,tourism_kaggle,,,2015-2024,,2026-09-13T07:14:44.975226+00:00,False
2017,Hail,Domestic,930.0,4968.0,776.0,5.34,834.4,156.2,tourism_kaggle,,,2015-2024,,2026-09-13T07:14:44.975226+00:00,False
2017,Hail,Inbound,11.0,43.0,30.0,3.91,2727.3,697.7,tourism_kaggle,,,2015-2024,,2026-09-13T07:14:44.975226+00:00,False
2017,Jazan,Domestic,3770.0,25839.0,4760.0,6.85,1262.6,184.2,tourism_kaggle,,,2015-2024,,2026-09-13T07:14:44.975226+00:00,False
2017,Jazan,Inbound,6.0,21.0,19.0,3.5,3166.7,904.8,tourism_kaggle,,,2015-2024,,2026-09-13T07:14:44.975226+00:00,False
2017,Madinah,Domestic,14472.0,59310.0,10399.0,4.1,718.6,175.3,tourism_kaggle,,,2015-2024,,2026-09-13T07:14:44.975226+00:00,False
2017,Madinah,Inbound,565.0,904.0,792.0,1.6,1401.8,876.1,tourism_kaggle,,,2015-2024,,2026-09-13T07:14:44.975226+00:00,False
2017,Makkah,Domestic,33823.0,147199.0,39247.0,4.35,1160.4,266.6,tourism_kaggle,,,2015-2024,,2026-09-13T07:14:44.975226+00:00,False
2017,Makkah,Inbound,21066.8,302559.0,151624.0,14.36,7197.3,501.1,tourism_kaggle,,,2015-2024,,2026-09-13T07:14:44.975226+00:00,False
2017,Najran,Domestic,1200.0,9108.0,1362.0,7.59,1135.0,149.5,tourism_kaggle,,,2015-2024,,2026-09-13T07:14:44.975226+00:00,False
2017,Northern Borders,Domestic,404.0,2520.0,365.0,6.24,903.5,144.8,tourism_kaggle,,,2015-2024,,2026-09-13T07:14:44.975226+00:00,False
2017,Northern Borders,Inbound,536.0,666.0,914.0,1.24,1705.2,1372.4,tourism_kaggle,,,2015-2024,,2026-09-13T07:14:44.975226+00:00,False
2017,Qassim,Domestic,1816.0,7934.0,1526.0,4.37,840.3,192.3,tourism_kaggle,,,2015-2024,,2026-09-13T07:14:44.975226+00:00,False
2017,Qassim,Inbound,136.0,430.0,358.0,3.16,2632.4,832.6,tourism_kaggle,,,2015-2024,,2026-09-13T07:14:44.975226+00:00,False
2017,Riyadh,Domestic,8209.0,44264.0,9832.0,5.39,1197.7,222.1,tourism_kaggle,,,2015-2024,,2026-09-13T07:14:44.975226+00:00,False
2017,Riyadh,Inbound,3996.0,17844.0,25697.0,4.47,6430.7,1440.1,tourism_kaggle,,,2015-2024,,2026-09-13T07:14:44.975226+00:00,False
2017,Tabuk,Domestic,2457.0,11930.0,2016.0,4.86,820.5,169.0,tourism_kaggle,,,2015-2024,,2026-09-13T07:14:44.975226+00:00,False
2017,Tabuk,Inbound,210.0,805.0,510.0,3.83,2428.6,633.5,tourism_kaggle,,,2015-2024,,2026-09-13T07:14:44.975226+00:00,False
2018,Al Bahah,Domestic,2470.0,17728.0,2760.0,7.18,1117.4,155.7,tourism_kaggle,,,2015-2024,,2026-09-13T07:14:44.975226+00:00,False
2018,Al Bahah,Inbound,4.0,71.0,47.0,17.75,11750.0,662.0,tourism_kaggle,,,2015-2024,,2026-09-13T07:14:44.975226+00:00,False
2018,Al Jawf,Domestic,786.0,5079.0,1282.0,6.46,1631.0,252.4,tourism_kaggle,,,2015-2024,,2026-09-13T07:14:44.975226+00:00,False
2018,Al Jawf,Inbound,116.0,826.0,484.0,7.12,4172.4,586.0,tourism_kaggle,,,2015-2024,,2026-09-13T07:14:44.975226+00:00,False
2018,Asir,Domestic,9846.0,74709.0,12154.0,7.59,1234.4,162.7,tourism_kaggle,,,2015-2024,,2026-09-13T07:14:44.975226+00:00,False
2018,Asir,Inbound,198.0,5406.0,723.0,27.3,3651.5,133.7,tourism_kaggle,,,2015-2024,,2026-09-13T07:14:44.975226+00:00,False
2018,Eastern Province,Domestic,8185.0,47488.0,9661.0,5.8,1180.3,203.4,tourism_kaggle,,,2015-2024,,2026-09-13T07:14:44.975226+00:00,False
2018,Eastern Province,Inbound,5198.0,16123.0,14315.0,3.1,2753.9,887.9,tourism_kaggle,,,2015-2024,,2026-09-13T07:14:44.975226+00:00,False
2018,Hail,Domestic,1582.0,9341.0,1564.0,5.9,988.6,167.4,tourism_kaggle,,,2015-2024,,2026-09-13T07:14:44.975226+00:00,False
2018,Hail,Inbound,13.0,62.0,43.0,4.77,3307.7,693.5,tourism_kaggle,,,2015-2024,,2026-09-13T07:14:44.975226+00:00,False
2018,Jazan,Domestic,4477.0,29081.0,5195.0,6.5,1160.4,178.6,tourism_kaggle,,,2015-2024,,2026-09-13T07:14:44.975226+00:00,False
2018,Jazan,Inbound,25.0,638.0,180.0,25.52,7200.0,282.1,tourism_kaggle,,,2015-2024,,2026-09-13T07:14:44.975226+00:00,False
2018,Madinah,Domestic,13104.0,55182.0,10657.0,4.21,813.3,193.1,tourism_kaggle,,,2015-2024,,2026-09-13T07:14:44.975226+00:00,False
2018,Madinah,Inbound,536.0,2203.0,1198.0,4.11,2235.1,543.8,tourism_kaggle,,,2015-2024,,2026-09-13T07:14:44.975226+00:00,False
2018,Makkah,Domestic,31044.0,135634.0,33482.0,4.37,1078.5,246.9,tourism_kaggle,,,2015-2024,,2026-09-13T07:14:44.975226+00:00,False
2018,Makkah,Inbound,20072.0,299468.0,144084.0,14.92,7178.4,481.1,tourism_kaggle,,,2015-2024,,2026-09-13T07:14:44.975226+00:00,False
2018,Najran,Domestic,1243.0,11004.0,1740.0,8.85,1399.8,158.1,tourism_kaggle,,,2015-2024,,2026-09-13T07:14:44.975226+00:00,False
2018,Najran,Inbound,30.8,404.0,97.0,13.12,3149.4,240.1,tourism_kaggle,,,2015-2024,,2026-09-13T07:14:44.975226+00:00,False
2018,Northern Borders,Domestic,526.0,3906.0,658.0,7.43,1251.0,168.5,tourism_kaggle,,,2015-2024,,2026-09-13T07:14:44.975226+00:00,False
2018,Northern Borders,Inbound,506.0,656.0,794.0,1.3,1569.2,1210.4,tourism_kaggle,,,2015-2024,,2026-09-13T07:14:44.975226+00:00,False
2018,Qassim,Domestic,2144.0,12491.0,2598.0,5.83,1211.8,208.0,tourism_kaggle,,,2015-2024,,2026-09-13T07:14:44.975226+00:00,False
2018,Qassim,Inbound,151.0,488.0,379.0,3.23,2509.9,776.6,tourism_kaggle,,,2015-2024,,2026-09-13T07:14:44.975226+00:00,False
2018,Riyadh,Domestic,8612.0,48986.0,12055.0,5.69,1399.8,246.1,tourism_kaggle,,,2015-2024,,2026-09-13T07:14:44.975226+00:00,False
2018,Riyadh,Inbound,4021.0,20295.0,24043.0,5.05,5979.4,1184.7,tourism_kaggle,,,2015-2024,,2026-09-13T07:14:44.975226+00:00,False
2018,Tabuk,Domestic,2492.0,13615.0,2436.0,5.46,977.5,178.9,tourism_kaggle,,,2015-2024,,2026-09-13T07:14:44.975226+00:00,False
2018,Tabuk,Inbound,220.3,1084.0,477.0,4.92,2165.2,440.0,tourism_kaggle,,,2015-2024,,2026-09-13T07:14:44.975226+00:00,False
2019,Al Bahah,Domestic,2924.0,22031.0,3332.0,7.53,1139.5,151.2,tourism_kaggle,,,2015-2024,,2026-09-13T07:14:44.975226+00:00,False
2019,Al Bahah,Inbound,3.0,26.0,15.0,8.67,5000.0,576.9,tourism_kaggle,,,2015-2024,,2026-09-13T07:14:44.975226+00:00,False
2019,Al Jawf,Domestic,1048.0,6583.0,1888.0,6.28,1801.5,286.8,tourism_kaggle,,,2015-2024,,2026-09-13T07:14:44.975226+00:00,False
2019,Al Jawf,Inbound,86.0,305.0,272.0,3.55,3162.8,891.8,tourism_kaggle,,,2015-2024,,2026-09-13T07:14:44.975226+00:00,False
2019,Asir,Domestic,9887.0,76067.0,12818.0,7.69,1296.4,168.5,tourism_kaggle,,,2015-2024,,2026-09-13T07:14:44.975226+00:00,False
2019,Asir,Inbound,234.0,4276.0,1159.0,18.27,4953.0,271.0,tourism_kaggle,,,2015-2024,,2026-09-13T07:14:44.975226+00:00,False
2019,Eastern Province,Domestic,9027.0,50311.0,12436.0,5.57,1377.6,247.2,tourism_kaggle,,,2015-2024,,2026-09-13T07:14:44.975226+00:00,False
2019,Eastern Province,Inbound,5800.0,22381.0,19074.0,3.86,3288.6,852.2,tourism_kaggle,,,2015-2024,,2026-09-13T07:14:44.975226+00:00,False
2019,Hail,Domestic,1946.0,13072.0,2040.0,6.72,1048.3,156.1,tourism_kaggle,,,2015-2024,,2026-09-13T07:14:44.975226+00:00,False
2019,Hail,Inbound,15.0,45.0,37.0,3.0,2466.7,822.2,tourism_kaggle,,,2015-2024,,2026-09-13T07:14:44.975226+00:00,False
2019,Jazan,Domestic,4703.0,31448.0,5780.0,6.69,1229.0,183.8,tourism_kaggle,,,2015-2024,,2026-09-13T07:14:44.975226+00:00,False
2019,Jazan,Inbound,32.0,1078.0,119.0,33.69,3718.8,110.4,tourism_kaggle,,,2015-2024,,2026-09-13T07:14:44.975226+00:00,False
2019,Madinah,Domestic,14487.0,59593.0,11795.0,4.11,814.2,197.9,tourism_kaggle,,,2015-2024,,2026-09-13T07:14:44.975226+00:00,False
2019,Madinah,Inbound,112.0,1016.0,468.0,9.07,4178.6,460.6,tourism_kaggle,,,2015-2024,,2026-09-13T07:14:44.975226+00:00,False
2019,Makkah,Domestic,32035.0,154534.0,39909.0,4.82,1245.8,258.3,tourism_kaggle,,,2015-2024,,2026-09-13T07:14:44.975226+00:00,False
2019,Makkah,Inbound,21978.0,309658.0,149896.0,14.09,6820.3,484.1,tourism_kaggle,,,2015-2024,,2026-09-13T07:14:44.975226+00:00,False
2019,Najran,Domestic,1129.0,12440.0,1768.0,11.02,1566.0,142.1,tourism_kaggle,,,2015-2024,,2026-09-13T07:14:44.975226+00:00,False
2019,Najran,Inbound,13.0,119.0,20.0,9.15,1538.5,168.1,tourism_kaggle,,,2015-2024,,2026-09-13T07:14:44.975226+00:00,False
2019,Northern Borders,Domestic,775.0,5120.0,1258.0,6.61,1623.2,245.7,tourism_kaggle,,,2015-2024,,2026-09-13T07:14:44.975226+00:00,False
2019,Northern Borders,Inbound,640.0,860.0,1120.0,1.34,1750.0,1302.3,tourism_kaggle,,,2015-2024,,2026-09-13T07:14:44.975226+00:00,False
2019,Qassim,Domestic,2889.0,18040.0,3741.0,6.24,1294.9,207.4,tourism_kaggle,,,2015-2024,,2026-09-13T07:14:44.975226+00:00,False
2019,Qassim,Inbound,220.0,874.0,813.0,3.97,3695.5,930.2,tourism_kaggle,,,2015-2024,,2026-09-13T07:14:44.975226+00:00,False
2019,Riyadh,Domestic,11880.0,71052.0,21548.0,5.98,1813.8,303.3,tourism_kaggle,,,2015-2024,,2026-09-13T07:14:44.975226+00:00,False
2019,Riyadh,Inbound,5865.0,39438.0,33886.0,6.72,5777.7,859.2,tourism_kaggle,,,2015-2024,,2026-09-13T07:14:44.975226+00:00,False
2019,Tabuk,Domestic,2882.0,17210.0,4100.0,5.97,1422.6,238.2,tourism_kaggle,,,2015-2024,,2026-09-13T07:14:44.975226+00:00,False
2019,Tabuk,Inbound,521.4,988.0,1533.0,1.89,2940.2,1551.6,tourism_kaggle,,,2015-2024,,2026-09-13T07:14:44.975226+00:00,False
2020,Al Bahah,Domestic,3064.1,23180.0,3091.0,7.57,1008.8,133.3,tourism_kaggle,,,2015-2024,,2026-09-13T07:14:44.975226+00:00,False
2020,Al Bahah,Inbound,3.0,24.0,16.1,8.0,5366.7,670.8,tourism_kaggle,,,2015-2024,,2026-09-13T07:14:44.975226+00:00,False
2020,Al Jawf,Domestic,1557.4,7636.0,2020.0,4.9,1297.0,264.5,tourism_kaggle,,,2015-2024,,2026-09-13T07:14:44.975226+00:00,False
2020,Al Jawf,Inbound,36.2,230.0,165.0,6.35,4558.0,717.4,tourism_kaggle,,,2015-2024,,2026-09-13T07:14:44.975226+00:00,False
2020,Asir,Domestic,9169.2,67107.0,10401.0,7.32,1134.3,155.0,tourism_kaggle,,,2015-2024,,2026-09-13T07:14:44.975226+00:00,False
2020,Asir,Inbound,216.6,3350.0,909.0,15.47,4196.7,271.3,tourism_kaggle,,,2015-2024,,2026-09-13T07:14:44.975226+00:00,False
2020,Eastern Province,Domestic,8569.1,41726.0,8748.0,4.87,1020.9,209.7,tourism_kaggle,,,2015-2024,,2026-09-13T07:14:44.975226+00:00,False
2020,Eastern Province,Inbound,1842.2,8420.0,5488.0,4.57,2979.0,651.8,tourism_kaggle,,,2015-2024,,2026-09-13T07:14:44.975226+00:00,False
2020,Hail,Domestic,2320.0,15540.0,2100.0,6.7,905.2,135.1,tourism_kaggle,,,2015-2024,,2026-09-13T07:14:44.975226+00:00,False
2020,Hail,Inbound,10.0,205.0,42.0,20.5,4200.0,204.9,tourism_kaggle,,,2015-2024,,2026-09-13T07:14:44.975226+00:00,False
2020,Jazan,Domestic,4107.0,25640.0,3278.0,6.24,798.1,127.8,tourism_kaggle,,,2015-2024,,2026-09-13T07:14:44.975226+00:00,False
2020,Jazan,Inbound,17.0,276.0,56.0,16.24,3294.1,202.9,tourism_kaggle,,,2015-2024,,2026-09-13T07:14:44.975226+00:00,False
2020,Madinah,Domestic,11221.3,44109.0,8792.0,3.93,783.5,199.3,tourism_kaggle,,,2015-2024,,2026-09-13T07:14:44.975226+00:00,False
2020,Madinah,Inbound,24.1,8020.0,1934.0,332.78,80249.0,241.1,tourism_kaggle,,,2015-2024,,2026-09-13T07:14:44.975226+00:00,False
2020,Makkah,Domestic,19756.2,100665.0,20865.0,5.1,1056.1,207.3,tourism_kaggle,,,2015-2024,,2026-09-13T07:14:44.975226+00:00,False
2020,Makkah,Inbound,3883.8,45571.0,23387.0,11.73,6021.7,513.2,tourism_kaggle,,,2015-2024,,2026-09-13T07:14:44.975226+00:00,False
2020,Najran,Domestic,1224.1,12290.0,1507.0,10.04,1231.1,122.6,tourism_kaggle,,,2015-2024,,2026-09-13T07:14:44.975226+00:00,False
2020,Najran,Inbound,18.0,330.0,139.0,18.33,7722.2,421.2,tourism_kaggle,,,2015-2024,,2026-09-13T07:14:44.975226+00:00,False
2020,Northern Borders,Domestic,1413.3,9252.0,1740.0,6.55,1231.2,188.1,tourism_kaggle,,,2015-2024,,2026-09-13T07:14:44.975226+00:00,False
2020,Northern Borders,Inbound,156.1,194.0,288.0,1.24,1845.0,1484.5,tourism_kaggle,,,2015-2024,,2026-09-13T07:14:44.975226+00:00,False
2020,Qassim,Domestic,4075.6,22670.0,3635.0,5.56,891.9,160.3,tourism_kaggle,,,2015-2024,,2026-09-13T07:14:44.975226+00:00,False
2020,Qassim,Inbound,77.3,499.0,243.0,6.46,3143.6,487.0,tourism_kaggle,,,2015-2024,,2026-09-13T07:14:44.975226+00:00,False
2020,Riyadh,Domestic,13650.9,63908.0,14986.0,4.68,1097.8,234.5,tourism_kaggle,,,2015-2024,,2026-09-13T07:14:44.975226+00:00,False
2020,Riyadh,Inbound,2130.0,18874.0,9934.0,8.86,4663.8,526.3,tourism_kaggle,,,2015-2024,,2026-09-13T07:14:44.975226+00:00,False
2020,Tabuk,Domestic,4086.1,23353.0,5529.0,5.72,1353.1,236.8,tourism_kaggle,,,2015-2024,,2026-09-13T07:14:44.975226+00:00,False
2020,Tabuk,Inbound,42.7,372.1,220.0,8.71,5152.2,591.2,tourism_kaggle,,,2015-2024,,2026-09-13T07:14:44.975226+00:00,False
2021,Al Bahah,Domestic,2201.0,17486.0,2823.0,7.94,1282.6,161.4,tourism_kaggle,,,2015-2024,,2026-09-13T07:14:44.975226+00:00,False
2021,Al Bahah,Inbound,2.1,10.2,6.0,4.86,2857.1,588.2,tourism_kaggle,,,2015-2024,,2026-09-13T07:14:44.975226+00:00,False
2021,Al Jawf,Domestic,1697.0,8695.0,3237.0,5.12,1907.5,372.3,tourism_kaggle,,,2015-2024,,2026-09-13T07:14:44.975226+00:00,False
2021,Al Jawf,Inbound,36.0,168.0,146.0,4.67,4055.6,869.0,tourism_kaggle,,,2015-2024,,2026-09-13T07:14:44.975226+00:00,False
2021,Asir,Domestic,10537.0,85406.0,16366.0,8.11,1553.2,191.6,tourism_kaggle,,,2015-2024,,2026-09-13T07:14:44.975226+00:00,False
2021,Asir,Inbound,40.0,624.0,211.0,15.6,5275.0,338.1,tourism_kaggle,,,2015-2024,,2026-09-13T07:14:44.975226+00:00,False
2021,Eastern Province,Domestic,18545.0,99681.0,29278.0,5.38,1578.8,293.7,tourism_kaggle,,,2015-2024,,2026-09-13T07:14:44.975226+00:00,False
2021,Eastern Province,Inbound,2375.0,12631.0,5812.0,5.32,2447.2,460.1,tourism_kaggle,,,2015-2024,,2026-09-13T07:14:44.975226+00:00,False
2021,Hail,Domestic,3700.0,25876.0,5336.0,6.99,1442.2,206.2,tourism_kaggle,,,2015-2024,,2026-09-13T07:14:44.975226+00:00,False
2021,Hail,Inbound,90.0,2854.0,355.0,31.71,3944.4,124.4,tourism_kaggle,,,2015-2024,,2026-09-13T07:14:44.975226+00:00,False
2021,Jazan,Domestic,6556.0,51751.0,7546.0,7.89,1151.0,145.8,tourism_kaggle,,,2015-2024,,2026-09-13T07:14:44.975226+00:00,False
2021,Jazan,Inbound,9.0,284.0,60.0,31.56,6666.7,211.3,tourism_kaggle,,,2015-2024,,2026-09-13T07:14:44.975226+00:00,False
2021,Madinah,Domestic,8729.0,36829.0,11434.0,4.22,1309.9,310.5,tourism_kaggle,,,2015-2024,,2026-09-13T07:14:44.975226+00:00,False
2021,Madinah,Inbound,916.0,506.0,1986.0,0.55,2168.1,3924.9,tourism_kaggle,,,2015-2024,,2026-09-13T07:14:44.975226+00:00,False
2021,Makkah,Domestic,36951.0,170511.0,62005.0,4.61,1678.0,363.6,tourism_kaggle,,,2015-2024,,2026-09-13T07:14:44.975226+00:00,False
2021,Makkah,Inbound,1377.4,11783.0,5928.0,8.55,4303.8,503.1,tourism_kaggle,,,2015-2024,,2026-09-13T07:14:44.975226+00:00,False
2021,Najran,Domestic,1728.0,17540.0,4196.0,10.15,2428.2,239.2,tourism_kaggle,,,2015-2024,,2026-09-13T07:14:44.975226+00:00,False
2021,Najran,Inbound,1267.0,156.0,39.0,0.12,30.8,250.0,tourism_kaggle,,,2015-2024,,2026-09-13T07:14:44.975226+00:00,False
2021,Northern Borders,Domestic,1699.0,11220.0,3603.0,6.6,2120.7,321.1,tourism_kaggle,,,2015-2024,,2026-09-13T07:14:44.975226+00:00,False
2021,Northern Borders,Inbound,253.0,303.0,510.0,1.2,2015.8,1683.2,tourism_kaggle,,,2015-2024,,2026-09-13T07:14:44.975226+00:00,False
2021,Qassim,Domestic,7536.0,45445.0,7755.0,6.03,1029.1,170.6,tourism_kaggle,,,2015-2024,,2026-09-13T07:14:44.975226+00:00,False
2021,Qassim,Inbound,112.0,809.0,478.0,7.22,4267.9,590.9,tourism_kaggle,,,2015-2024,,2026-09-13T07:14:44.975226+00:00,False
2021,Riyadh,Domestic,23212.0,110878.0,42216.0,4.78,1818.7,380.7,tourism_kaggle,,,2015-2024,,2026-09-13T07:14:44.975226+00:00,False
2021,Riyadh,Inbound,2446.0,29718.0,14944.0,12.15,6109.6,502.9,tourism_kaggle,,,2015-2024,,2026-09-13T07:14:44.975226+00:00,False
2021,Tabuk,Domestic,4576.0,25346.0,8573.0,5.54,1873.5,338.2,tourism_kaggle,,,2015-2024,,2026-09-13T07:14:44.975226+00:00,False
2021,Tabuk,Inbound,372.8,841.0,444.0,2.26,1191.0,527.9,tourism_kaggle,,,2015-2024,,2026-09-13T07:14:44.975226+00:00,False
2022,Al Bahah,Domestic,2042.0,13245.0,2000.0,6.49,979.4,151.0,tourism_kaggle,,,2015-2024,,2026-09-13T07:14:44.975226+00:00,False
2022,Al Bahah,Inbound,4.0,41.0,9.0,10.25,2250.0,219.5,tourism_kaggle,,,2015-2024,,2026-09-13T07:14:44.975226+00:00,False
2022,Al Jawf,Domestic,2505.0,11882.0,5241.0,4.74,2092.2,441.1,tourism_kaggle,,,2015-2024,,2026-09-13T07:14:44.975226+00:00,False
2022,Al Jawf,Inbound,104.0,1773.0,342.0,17.05,3288.5,192.9,tourism_kaggle,,,2015-2024,,2026-09-13T07:14:44.975226+00:00,False
2022,Asir,Domestic,11942.0,78158.0,14136.0,6.54,1183.7,180.9,tourism_kaggle,,,2015-2024,,2026-09-13T07:14:44.975226+00:00,False
2022,Asir,Inbound,148.0,3332.0,721.0,22.51,4871.6,216.4,tourism_kaggle,,,2015-2024,,2026-09-13T07:14:44.975226+00:00,False
2022,Eastern Province,Domestic,22279.0,94883.0,25366.0,4.26,1138.6,267.3,tourism_kaggle,,,2015-2024,,2026-09-13T07:14:44.975226+00:00,False
2022,Eastern Province,Inbound,7996.0,45357.0,18320.0,5.67,2291.1,403.9,tourism_kaggle,,,2015-2024,,2026-09-13T07:14:44.975226+00:00,False
2022,Hail,Domestic,4298.0,27573.0,8016.0,6.42,1865.1,290.7,tourism_kaggle,,,2015-2024,,2026-09-13T07:14:44.975226+00:00,False
2022,Hail,Inbound,136.0,5741.0,378.0,42.21,2779.4,65.8,tourism_kaggle,,,2015-2024,,2026-09-13T07:14:44.975226+00:00,False
2022,Jazan,Domestic,4976.0,26042.0,4678.0,5.23,940.1,179.6,tourism_kaggle,,,2015-2024,,2026-09-13T07:14:44.975226+00:00,False
2022,Jazan,Inbound,71.0,4180.0,350.0,58.87,4929.6,83.7,tourism_kaggle,,,2015-2024,,2026-09-13T07:14:44.975226+00:00,False
2022,Madinah,Domestic,12442.0,48962.0,15145.0,3.94,1217.2,309.3,tourism_kaggle,,,2015-2024,,2026-09-13T07:14:44.975226+00:00,False
2022,Madinah,Inbound,242.0,4968.0,1324.0,20.53,5471.1,266.5,tourism_kaggle,,,2015-2024,,2026-09-13T07:14:44.975226+00:00,False
2022,Makkah,Domestic,45327.0,199113.0,61295.0,4.39,1352.3,307.8,tourism_kaggle,,,2015-2024,,2026-09-13T07:14:44.975226+00:00,False
2022,Makkah,Inbound,38394.0,377622.0,148891.0,9.84,3878.0,394.3,tourism_kaggle,,,2015-2024,,2026-09-13T07:14:44.975226+00:00,False
2022,Najran,Domestic,2219.0,17620.0,3887.0,7.94,1751.7,220.6,tourism_kaggle,,,2015-2024,,2026-09-13T07:14:44.975226+00:00,False
2022,Najran,Inbound,14.1,11551.0,2157.0,819.22,152978.7,186.7,tourism_kaggle,,,2015-2024,,2026-09-13T07:14:44.975226+00:00,False
2022,Northern Borders,Domestic,2030.0,10553.0,5148.0,5.2,2536.0,487.8,tourism_kaggle,,,2015-2024,,2026-09-13T07:14:44.975226+00:00,False
2022,Northern Borders,Inbound,1196.0,2233.0,870.0,1.87,727.4,389.6,tourism_kaggle,,,2015-2024,,2026-09-13T07:14:44.975226+00:00,False
2022,Qassim,Domestic,8108.0,38996.0,8958.0,4.81,1104.8,229.7,tourism_kaggle,,,2015-2024,,2026-09-13T07:14:44.975226+00:00,False
2022,Qassim,Inbound,403.0,3799.0,1273.0,9.43,3158.8,335.1,tourism_kaggle,,,2015-2024,,2026-09-13T07:14:44.975226+00:00,False
2022,Riyadh,Domestic,32288.0,144060.0,49894.0,4.46,1545.3,346.3,tourism_kaggle,,,2015-2024,,2026-09-13T07:14:44.975226+00:00,False
2022,Riyadh,Inbound,3822.0,83913.0,23070.0,21.96,6036.1,274.9,tourism_kaggle,,,2015-2024,,2026-09-13T07:14:44.975226+00:00,False
2022,Tabuk,Domestic,5220.0,28127.0,10756.0,5.39,2060.5,382.4,tourism_kaggle,,,2015-2024,,2026-09-13T07:14:44.975226+00:00,False
2022,Tabuk,Inbound,768.0,2518.0,1544.0,3.28,2010.4,613.2,tourism_kaggle,,,2015-2024,,2026-09-13T07:14:44.975226+00:00,False
2023,Al Bahah,Domestic,2143.0,15266.0,2475.0,7.12,1154.9,162.1,tourism_kaggle,,,2015-2024,,2026-09-13T07:14:44.975226+00:00,False
2023,Al Bahah,Inbound,16.0,110.0,43.0,6.88,2687.5,390.9,tourism_kaggle,,,2015-2024,,2026-09-13T07:14:44.975226+00:00,False
2023,Al Jawf,Domestic,2277.0,17249.0,3366.0,7.58,1478.3,195.1,tourism_kaggle,,,2015-2024,,2026-09-13T07:14:44.975226+00:00,False
2023,Al Jawf,Inbound,394.0,4686.0,876.0,11.89,2223.4,186.9,tourism_kaggle,,,2015-2024,,2026-09-13T07:14:44.975226+00:00,False
2023,Asir,Domestic,13812.0,122810.0,19070.0,8.89,1380.7,155.3,tourism_kaggle,,,2015-2024,,2026-09-13T07:14:44.975226+00:00,False
2023,Asir,Inbound,374.0,6125.0,1647.0,16.38,4403.7,268.9,tourism_kaggle,,,2015-2024,,2026-09-13T07:14:44.975226+00:00,False
2023,Eastern Province,Domestic,26914.0,165888.0,33584.0,6.16,1247.8,202.4,tourism_kaggle,,,2015-2024,,2026-09-13T07:14:44.975226+00:00,False
2023,Eastern Province,Inbound,11334.0,53538.0,22074.0,4.72,1947.6,412.3,tourism_kaggle,,,2015-2024,,2026-09-13T07:14:44.975226+00:00,False
2023,Hail,Domestic,3672.0,25617.0,5560.0,6.98,1514.2,217.0,tourism_kaggle,,,2015-2024,,2026-09-13T07:14:44.975226+00:00,False
2023,Hail,Inbound,358.0,17610.0,2273.0,49.19,6349.2,129.1,tourism_kaggle,,,2015-2024,,2026-09-13T07:14:44.975226+00:00,False
2023,Jazan,Domestic,5846.0,39359.0,7432.0,6.73,1271.3,188.8,tourism_kaggle,,,2015-2024,,2026-09-13T07:14:44.975226+00:00,False
2023,Jazan,Inbound,30.0,240.0,92.0,8.0,3066.7,383.3,tourism_kaggle,,,2015-2024,,2026-09-13T07:14:44.975226+00:00,False
2023,Madinah,Domestic,12006.0,54876.0,12531.0,4.57,1043.7,228.4,tourism_kaggle,,,2015-2024,,2026-09-13T07:14:44.975226+00:00,False
2023,Madinah,Inbound,643.0,9334.0,2674.0,14.52,4158.6,286.5,tourism_kaggle,,,2015-2024,,2026-09-13T07:14:44.975226+00:00,False
2023,Makkah,Domestic,45249.0,226266.0,59882.0,5.0,1323.4,264.7,tourism_kaggle,,,2015-2024,,2026-09-13T07:14:44.975226+00:00,False
2023,Makkah,Inbound,53599.0,632800.0,363744.0,11.81,6786.4,574.8,tourism_kaggle,,,2015-2024,,2026-09-13T07:14:44.975226+00:00,False
2023,Najran,Domestic,2321.0,20066.0,4082.0,8.65,1758.7,203.4,tourism_kaggle,,,2015-2024,,2026-09-13T07:14:44.975226+00:00,False
2023,Najran,Inbound,35.0,327.0,84.0,9.34,2400.0,256.9,tourism_kaggle,,,2015-2024,,2026-09-13T07:14:44.975226+00:00,False
2023,Northern Borders,Domestic,2141.0,15080.0,3968.0,7.04,1853.3,263.1,tourism_kaggle,,,2015-2024,,2026-09-13T07:14:44.975226+00:00,False
2023,Northern Borders,Inbound,712.0,4168.0,1072.0,5.85,1505.6,257.2,tourism_kaggle,,,2015-2024,,2026-09-13T07:14:44.975226+00:00,False
2023,Qassim,Domestic,9131.0,54545.0,11308.0,5.97,1238.4,207.3,tourism_kaggle,,,2015-2024,,2026-09-13T07:14:44.975226+00:00,False
2023,Qassim,Inbound,253.0,1628.0,576.0,6.43,2276.7,353.8,tourism_kaggle,,,2015-2024,,2026-09-13T07:14:44.975226+00:00,False
2023,Riyadh,Domestic,32696.0,196728.0,57152.0,6.02,1748.0,290.5,tourism_kaggle,,,2015-2024,,2026-09-13T07:14:44.975226+00:00,False
2023,Riyadh,Inbound,6020.0,113958.0,25084.0,18.93,4166.8,220.1,tourism_kaggle,,,2015-2024,,2026-09-13T07:14:44.975226+00:00,False
2023,Tabuk,Domestic,5633.0,36930.0,8404.0,6.56,1491.9,227.6,tourism_kaggle,,,2015-2024,,2026-09-13T07:14:44.975226+00:00,False
2023,Tabuk,Inbound,277.0,2354.0,682.0,8.5,2462.1,289.7,tourism_kaggle,,,2015-2024,,2026-09-13T07:14:44.975226+00:00,False
2024,Al Bahah,Domestic,2254.0,20691.0,2246.0,9.18,996.5,108.5,tourism_kaggle,,,2015-2024,,2026-09-13T07:14:44.975226+00:00,False
2024,Al Bahah,Inbound,8.0,54.0,22.0,6.75,2750.0,407.4,tourism_kaggle,,,2015-2024,,2026-09-13T07:14:44.975226+00:00,False
2024,Al Jawf,Domestic,2319.0,19175.0,3143.0,8.27,1355.3,163.9,tourism_kaggle,,,2015-2024,,2026-09-13T07:14:44.975226+00:00,False
2024,Al Jawf,Inbound,662.0,8921.0,1536.0,13.48,2320.2,172.2,tourism_kaggle,,,2015-2024,,2026-09-13T07:14:44.975226+00:00,False
2024,Asir,Domestic,14667.0,122421.0,17197.0,8.35,1172.5,140.5,tourism_kaggle,,,2015-2024,,2026-09-13T07:14:44.975226+00:00,False
2024,Asir,Inbound,315.0,5995.0,1032.0,19.03,3276.2,172.1,tourism_kaggle,,,2015-2024,,2026-09-13T07:14:44.975226+00:00,False
2024,Eastern Province,Domestic,27289.0,163183.0,32844.0,5.98,1203.6,201.3,tourism_kaggle,,,2015-2024,,2026-09-13T07:14:44.975226+00:00,False
2024,Eastern Province,Inbound,9995.0,53378.0,17332.0,5.34,1734.1,324.7,tourism_kaggle,,,2015-2024,,2026-09-13T07:14:44.975226+00:00,False
2024,Hail,Domestic,3682.0,27585.0,5100.0,7.49,1385.1,184.9,tourism_kaggle,,,2015-2024,,2026-09-13T07:14:44.975226+00:00,False
2024,Hail,Inbound,326.0,18860.0,1359.0,57.85,4168.7,72.1,tourism_kaggle,,,2015-2024,,2026-09-13T07:14:44.975226+00:00,False
2024,Jazan,Domestic,5872.0,33680.0,5716.0,5.74,973.4,169.7,tourism_kaggle,,,2015-2024,,2026-09-13T07:14:44.975226+00:00,False
2024,Jazan,Inbound,61.0,1106.0,314.0,18.13,5147.5,283.9,tourism_kaggle,,,2015-2024,,2026-09-13T07:14:44.975226+00:00,False
2024,Madinah,Domestic,13442.0,69288.0,14950.0,5.15,1112.2,215.8,tourism_kaggle,,,2015-2024,,2026-09-13T07:14:44.975226+00:00,False
2024,Madinah,Inbound,1316.0,15721.0,5526.0,11.95,4199.1,351.5,tourism_kaggle,,,2015-2024,,2026-09-13T07:14:44.975226+00:00,False
2024,Makkah,Domestic,46974.0,261230.0,61314.0,5.56,1305.3,234.7,tourism_kaggle,,,2015-2024,,2026-09-13T07:14:44.975226+00:00,False
2024,Makkah,Inbound,58711.0,1292388.0,422310.0,22.01,7193.0,326.8,tourism_kaggle,,,2015-2024,,2026-09-13T07:14:44.975226+00:00,False
2024,Najran,Domestic,2518.0,22704.0,4231.0,9.02,1680.3,186.4,tourism_kaggle,,,2015-2024,,2026-09-13T07:14:44.975226+00:00,False
2024,Najran,Inbound,1307.0,13454.0,2227.0,10.29,1703.9,165.5,tourism_kaggle,,,2015-2024,,2026-09-13T07:14:44.975226+00:00,False
2024,Northern Borders,Domestic,2179.0,16524.0,3686.0,7.58,1691.6,223.1,tourism_kaggle,,,2015-2024,,2026-09-13T07:14:44.975226+00:00,False
2024,Northern Borders,Inbound,1056.0,5720.0,2400.0,5.42,2272.7,419.6,tourism_kaggle,,,2015-2024,,2026-09-13T07:14:44.975226+00:00,False
2024,Qassim,Domestic,9745.0,62686.0,11379.0,6.43,1167.7,181.5,tourism_kaggle,,,2015-2024,,2026-09-13T07:14:44.975226+00:00,False
2024,Qassim,Inbound,634.0,37695.0,3530.0,59.46,5567.8,93.6,tourism_kaggle,,,2015-2024,,2026-09-13T07:14:44.975226+00:00,False
2024,Riyadh,Domestic,35194.0,215142.0,58986.0,6.11,1676.0,274.2,tourism_kaggle,,,2015-2024,,2026-09-13T07:14:44.975226+00:00,False
2024,Riyadh,Inbound,5722.0,81234.0,21147.0,14.2,3695.7,260.3,tourism_kaggle,,,2015-2024,,2026-09-13T07:14:44.975226+00:00,False
2024,Tabuk,Domestic,6180.0,42924.0,9761.0,6.95,1579.4,227.4,tourism_kaggle,,,2015-2024,,2026-09-13T07:14:44.975226+00:00,False
2024,Tabuk,Inbound,307.0,9161.0,1864.0,29.84,6071.7,203.5,tourism_kaggle,,,2015-2024,,2026-09-13T07:14:44.975226+00:00,False
